t,omega_R,omega_L,u,omega,x,y,psi
0.013,8.3775,-2.2848,0.304635,2.665575,0.0,0.0,0.0
0.1301,7.0683,0.0915,0.35799,1.7442000000000002,0.0356727585,0.031213883249999998,0.3121388325
0.2106,5.9269,1.5972,0.376205,1.082425,0.058786567266916695,0.053426144566681155,0.45254693250000005
0.3106,5.1135,2.4625,0.3788,0.6627500000000001,0.08788706613428603,0.07961063184412723,0.5607894325
0.4145,4.5689,2.9364,0.375265,0.408125,0.1175539042452243,0.10637430071355797,0.6296491575000001
0.51,4.2045,3.1832,0.3693850000000001,0.2553250000000001,0.1442241024737252,0.13062796455841993,0.6686250950000001
0.6099,3.9526,3.2986,0.36256,0.1634999999999999,0.17159862835955236,0.155504994678089,0.6941320625000001
0.7103,3.7692,3.3369,0.355305,0.108075,0.19852666764605878,0.18005310869942562,0.7105474625000001
0.8095,3.6271,3.3296,0.347835,0.0743749999999999,0.22454422407726052,0.20385509866567808,0.7212685025000001
0.9194,3.51,3.2947,0.340235,0.0538249999999999,0.25271180651565384,0.22971170371892494,0.729442315
1.0169,3.4079,3.243,0.332545,0.041225,0.27709399415703906,0.25221118055802,0.7346902525
1.111,3.315,3.1809,0.324795,0.033525,0.3000541703614013,0.2734761842589054,0.738569525
1.21,3.2278,3.1123,0.317005,0.0288749999999999,0.32360695595934574,0.2953691397506793,0.7418885
1.3103,3.1441,3.0397,0.30919,0.0261,0.34685078955343174,0.31706633662422745,0.7447846625
1.4109,3.0627,2.9648,0.301375,0.024475,0.3695419112276516,0.33834244362824256,0.7474103225
1.5112,2.9829,2.8885,0.29357,0.0235999999999999,0.39154575729638924,0.3590696652174464,0.749865165
1.6108,2.9042,2.8115,0.285785,0.0231749999999999,0.41278251374887,0.3791696154025671,0.752215725
1.7107,2.8265,2.7344,0.278045,0.0230249999999999,0.4334708158743966,0.39884563566885,0.7545309075
1.8111,2.7497,2.6574,0.270355,0.0230749999999999,0.45365167068104967,0.4181348515875843,0.7568426174999999
1.9106,2.6738,2.581,0.26274,0.0232,0.4730507615726159,0.4367723229188238,0.7591385799999999
2.0101,2.5988,2.5052,0.2552,0.0234,0.4918565021083735,0.45493366960138737,0.7614469799999999
2.1115,2.5246,2.4302,0.24774,0.0235999999999999,0.510423757760957,0.4729599542332847,0.7638197399999999
2.21,2.4515,2.3563,0.24039,0.0237999999999999,0.5278863558751271,0.49000660617631103,0.7661443399999999
2.31,2.3795,2.2835,0.23315,0.024,0.5450435839927247,0.5068458368095887,0.7685243399999998
2.4108,2.3086,2.2119,0.226025,0.024175,0.5617715471547153,0.5233550831899625,0.7709435399999998
2.51,2.2389,2.1416,0.219025,0.024325,0.5776864692898622,0.5391507946069409,0.7733416999999998
2.6101,2.1705,2.0726,0.212155,0.024475,0.5932050543548761,0.5546398950173822,0.7757766324999998
2.7104,2.1034,2.0051,0.205425,0.024575,0.6082238506268788,0.5697163036356685,0.7782314749999998
2.8098,2.0376,1.9391,0.198835,0.0246249999999999,0.6225940558634151,0.5842250057950538,0.7806742299999998
2.9103,1.9733,1.8746,0.192395,0.024675,0.6366165368205828,0.5984639757924508,0.7831490424999998
3.0099,1.9104,1.8116,0.1861,0.0247,0.6500235520312658,0.61215760053152,0.7856066724999998
3.1104,1.8489,1.7502,0.179955,0.024675,0.6630702824363036,0.6255609033206084,0.7880890224999998
3.2103,1.789,1.6904,0.17397,0.02465,0.6755732730382152,0.6384809133015756,0.7905540549999998
3.3107,1.7305,1.6321,0.16813,0.0245999999999999,0.6876842739124103,0.6510692651995481,0.7930289149999997
3.4102,1.6735,1.5755,0.1624499999999999,0.0245,0.6992484143256869,0.6631600813460763,0.7954766149999997
3.515,1.6181,1.5204,0.156925,0.024425,0.7109814232770512,0.6754988365386557,0.7980442149999997
3.6113,1.5642,1.467,0.15156,0.0242999999999999,0.7213627409765373,0.6864830256045406,0.8003963424999997
3.7109,1.5118,1.415,0.14634,0.0242,0.7317018109135368,0.6974845067308251,0.8028166224999996
3.8105,1.4608,1.3647,0.141275,0.024025,0.7416537661183247,0.7081363063366296,0.8052269424999996
3.9102,1.4114,1.3159,0.136365,0.0238749999999999,0.751241317213221,0.7184574871437448,0.8076222349999996
4.0108,1.3634,1.2686,0.1316,0.0237,0.7605501085423918,0.7285369895029399,0.8100240599999996
4.1105,1.3169,1.2227,0.12698,0.02355,0.7694253128645475,0.7382031482954443,0.8123869499999996
4.211,1.2718,1.1784,0.12251,0.02335,0.7780304411243095,0.7476298874396105,0.8147537249999997
4.3104,1.2281,1.1355,0.11818,0.02315,0.7862159164009321,0.7566489353140612,0.8170747149999996
4.4098,1.1857,1.0939,0.11398,0.0229499999999999,0.7940873374106574,0.7653717704504398,0.8193758249999996
4.5108,1.1447,1.0538,0.109925,0.0227249999999999,0.8017769292050474,0.7739420441029012,0.8216937749999996
4.6111,1.1051,1.015,0.106005,0.022525,0.8091181645888335,0.7821712220706885,0.8239730924999996
4.7108,1.0667,0.9775,0.10221,0.0222999999999999,0.816132792950041,0.7900796233333841,0.8262188349999996
4.8112,1.0296,0.9413,0.098545,0.022075,0.822922228841,0.7977776718613995,0.8284577549999996
4.9103,0.9937,0.9063,0.095,0.02185,0.8293628389126839,0.8051218828097835,0.8306453874999996
5.0096,0.959,0.8725,0.091575,0.0216249999999999,0.8355645815413982,0.8122335905382448,0.8328150924999996
5.1117,0.9255,0.8399,0.08827,0.0214,0.8416917446200006,0.8192993899743557,0.8350230049999996
5.2101,0.8931,0.8085,0.08508,0.02115,0.8473651876282475,0.8258795839254315,0.8371287649999996
5.3116,0.8618,0.7781,0.081995,0.020925,0.8529881401852204,0.8324372070930655,0.8392754899999996
5.4116,0.8316,0.7488,0.07902,0.0206999999999999,0.858309708488426,0.838678721060591,0.8413679899999995
5.5121,0.8024,0.7206,0.07615,0.0204499999999999,0.8634471748645546,0.844738201143525,0.8434483399999995
5.6106,0.7742,0.6934,0.07338,0.0201999999999999,0.8682839151967072,0.8504747631463285,0.8454626649999994
5.7109,0.747,0.6671,0.070705,0.0199749999999999,0.8730148335622039,0.8561165063778517,0.8474887249999994
5.8112,0.7208,0.6418,0.06813,0.0197499999999999,0.877558422653752,0.8615652043864015,0.8494922174999994
5.9111,0.6954,0.6175,0.065645,0.0194749999999999,0.8819048238929613,0.8668065692871955,0.8514652424999993
6.011,0.671,0.594,0.06325,0.01925,0.8860793735916408,0.8718679430711317,0.8534107949999993
6.1098,0.6474,0.5713,0.060935,0.0190249999999999,0.8900443239004837,0.876701843369494,0.8553126949999993
6.2106,0.6246,0.5495,0.058705,0.018775,0.8939287863481,0.8814636642907958,0.8572304149999993
6.3108,0.6026,0.5285,0.056555,0.018525,0.8976366833038021,0.8860339652165256,0.8591116699999993
6.4117,0.5814,0.5083,0.054485,0.018275,0.9012220468476155,0.8904772862234573,0.8609808424999993
6.5109,0.561,0.4888,0.05249,0.01805,0.9046068909414704,0.8946949596967105,0.8627937224999993
6.6099,0.5413,0.4701,0.05057,0.0177999999999999,0.9078505256317453,0.8987587611287652,0.8645806724999993
6.7101,0.5223,0.452,0.048715,0.0175749999999999,0.9110031785306858,0.9027296848060138,0.8663642324999993
6.8103,0.5039,0.4346,0.046925,0.017325,0.9140300916380644,0.9065631352105098,0.8681252474999993
6.9123,0.4862,0.4178,0.0452,0.0171,0.9169884557257187,0.9103298919638192,0.8698923974999994
7.0108,0.4692,0.4017,0.043545,0.016875,0.9197309905712321,0.9138411535334505,0.8715767474999994
7.1107,0.4527,0.3862,0.041945,0.016625,0.922401811026369,0.9172790167659606,0.8732625599999994
7.2097,0.4369,0.3713,0.04041,0.0163999999999999,0.9249429748233318,0.9205673732901511,0.8749084349999994
7.3104,0.4216,0.3569,0.038925,0.0161749999999999,0.9274249124035788,0.9237963601897886,0.8765599149999994
7.4099,0.4068,0.3431,0.037495,0.0159249999999999,0.9297791868704749,0.9268759240057988,0.8781693274999994
7.5099,0.3926,0.3298,0.03612,0.0157,0.9320509173039793,0.9298631219654241,0.8797618274999994
7.6102,0.3788,0.3169,0.034785,0.015475,0.9342385312587875,0.9327551944028754,0.8813365374999994
7.7094,0.3656,0.3046,0.03351,0.01525,0.9363151260098068,0.9355153497292595,0.8828716574999994
7.8098,0.3528,0.2928,0.0322799999999999,0.015,0.9383330171255474,0.9382117867102274,0.8844027574999994
7.9107,0.3405,0.2814,0.031095,0.014775,0.9402801042853242,0.9408271540162547,0.8859162574999995
8.0103,0.3287,0.2704,0.029955,0.014575,0.9421252702712654,0.9433189026567582,0.8873878474999994
8.1108,0.3172,0.2598,0.02885,0.01435,0.9439126220197692,0.9457457946051827,0.8888526349999994
8.2098,0.3062,0.2497,0.027795,0.014125,0.9456025704651567,0.9480527080276279,0.8902732849999995
8.3102,0.2955,0.2399,0.02677,0.0138999999999999,0.9472482014897836,0.9503109283107124,0.8916914349999995
8.4105,0.2852,0.2305,0.025785,0.013675,0.9488261754812524,0.9524878129317014,0.8930856049999994
8.5101,0.2753,0.2215,0.02484,0.0134499999999999,0.9503303535965025,0.9545738567436591,0.8944476349999995
8.6102,0.2658,0.2128,0.02393,0.0132499999999999,0.9517817709381279,0.9565972491503059,0.8957939799999994
8.7104,0.2566,0.2044,0.02305,0.0130499999999999,0.9531764950050703,0.9585521785669633,0.8971216299999994
8.81,0.2477,0.1964,0.022205,0.012825,0.9545071628411781,0.9604274980594318,0.8984214099999994
8.9108,0.2391,0.1887,0.02139,0.0126,0.9558001176612395,0.9622591109691788,0.8997141699999994
9.0107,0.2308,0.1812,0.0206,0.0124,0.9570303120222323,0.964010864670867,0.9009729099999995
9.1103,0.2228,0.1741,0.019845,0.0121749999999999,0.9582073235751286,0.9656959807321415,0.9022079499999994
9.2103,0.2152,0.1672,0.0191199999999999,0.012,0.9593419363491955,0.967328683143919,0.9034254499999994
9.3098,0.2077,0.1606,0.0184149999999999,0.011775,0.9604256174510133,0.9688968571084914,0.9046194499999994
9.4124,0.2006,0.1542,0.01774,0.0116,0.9614982441742626,0.9704569277276446,0.9058275649999994
9.5125,0.1937,0.1481,0.01709,0.0114,0.9625025822186386,0.9719259959075297,0.9069887249999994
9.6106,0.187,0.1423,0.016465,0.0111749999999999,0.9634474396222804,0.9733154205431902,0.9081070649999994
9.7103,0.1805,0.1366,0.015855,0.0109749999999999,0.9643695591085565,0.9746780759562377,0.9092212124999993
9.8102,0.1743,0.1312,0.015275,0.010775,0.9652561445287796,0.9759951835525935,0.9103176149999993
9.9113,0.1684,0.126,0.01472,0.0105999999999999,0.9661175403115191,0.9772815483553138,0.9114069674999993
10.0102,0.1626,0.121,0.0141799999999999,0.0103999999999999,0.9669265609999648,0.9784963951053555,0.9124553074999993
10.1149,0.157,0.1162,0.01366,0.0102,0.9677487441689221,0.9797373806727748,0.9135441874999992
10.2141,0.1516,0.1115,0.013155,0.010025,0.9684965121972758,0.9808719736847452,0.9145560274999992
10.3108,0.1464,0.1071,0.012675,0.009825,0.96919586116511,0.9819389872160158,0.9155254449999992
10.411,0.1414,0.1028,0.01221,0.0096499999999999,0.9698917309827778,0.9830059669775137,0.9165099099999993
10.5107,0.1366,0.0987,0.011765,0.009475,0.9705562526423122,0.9840304555308363,0.9174720149999993
10.6116,0.1319,0.0948,0.011335,0.0092749999999999,0.9712018849931946,0.9850311941880959,0.9184280424999993
10.7101,0.1274,0.091,0.01092,0.0091,0.971807079120366,0.9859738782057524,0.9193416299999994
10.8108,0.123,0.0873,0.010515,0.0089249999999999,0.9724009714899764,0.9869038814959744,0.9202579999999994
10.912,0.1188,0.0838,0.01013,0.00875,0.9729735435267086,0.9878053615366393,0.9211612099999994
11.0103,0.1148,0.0805,0.009765,0.008575,0.9735073940023665,0.988650333510516,0.9220213349999994
11.1115,0.1109,0.0772,0.009405,0.0084249999999999,0.9740353382956694,0.989490202686956,0.9228891249999994
11.2101,0.1071,0.0741,0.00906,0.00825,0.9745287652707564,0.9902797449727874,0.9237198299999995
11.3122,0.1035,0.0712,0.008735,0.0080749999999999,0.9750192183077667,0.9910685567584623,0.9245621549999995
11.4107,0.0999,0.0683,0.00841,0.0079,0.9754738357619653,0.9918033582562124,0.9253575424999995
11.5104,0.0965,0.0655,0.0081,0.00775,0.9759153020622983,0.9925205435846794,0.9261451724999995
11.611,0.0933,0.0629,0.00781,0.0075999999999999,0.9763426492788871,0.9932187195777491,0.9269248224999995
11.7124,0.0901,0.0604,0.007525,0.0074249999999999,0.9767564102400444,0.9938983519691742,0.9276954624999996
11.8107,0.087,0.0579,0.007245,0.0072749999999999,0.9771415901303258,0.9945340648362213,0.9284253399999995
11.9139,0.0841,0.0556,0.006985,0.007125,0.9775294109946698,0.9951776975320342,0.9291761199999995
12.0107,0.0812,0.0533,0.006725,0.0069749999999999,0.977878827925309,0.9957606561818428,0.9298658199999995
12.1104,0.0785,0.0512,0.006485,0.0068249999999999,0.9782239975897148,0.996339655837707,0.9305612274999995
12.2114,0.0758,0.0491,0.006245,0.006675,0.9785599943608285,0.9969061037254976,0.9312505524999994
12.3104,0.0732,0.0471,0.006015,0.0065249999999999,0.978875965726859,0.997441611183597,0.9319113774999994
12.4108,0.0708,0.0452,0.0058,0.0064,0.9791834856065711,0.99796546772077,0.9325664874999994
12.5108,0.0684,0.0434,0.00559,0.00625,0.9794776332095647,0.9984694252464139,0.9332064874999993
12.6106,0.066,0.0416,0.00538,0.0061,0.9797595979878824,0.99895483108727,0.9338302374999994
12.7108,0.0638,0.0399,0.0051849999999999,0.0059749999999999,0.9800310821893656,0.9994245492591614,0.9344414574999994
12.8101,0.0617,0.0383,0.005,0.0058499999999999,0.9802893345308156,0.9998739017004187,0.9350347749999994
12.9107,0.0596,0.0367,0.004815,0.0057249999999999,0.9805406584496023,1.0003135705849746,0.9356232849999995
13.0102,0.0576,0.0352,0.00464,0.0055999999999999,0.9807790580313759,1.0007330227655393,0.9361929224999994
13.1097,0.0556,0.0338,0.00447,0.00545,0.9810078970961754,1.0011378509058924,0.9367501224999994
13.2102,0.0537,0.0324,0.004305,0.005325,0.9812299013617567,1.001532219030929,0.9372978474999994
13.3104,0.0519,0.0311,0.00415,0.0052,0.9814422499939017,1.001911464712301,0.9378314124999995
13.4104,0.0502,0.0298,0.004,0.0051,0.9816458118070864,1.0022768297191271,0.9383514124999994
13.5116,0.0485,0.0286,0.003855,0.0049749999999999,0.9818434671485708,1.0026338440108953,0.9388675324999994
13.6104,0.0468,0.0274,0.00371,0.00485,0.9820287892028552,1.0029702020901514,0.9393590624999995
13.7105,0.0453,0.0263,0.00358,0.00475,0.9822088241717838,1.003298623749693,0.9398445474999995
13.8101,0.0437,0.0252,0.003445,0.004625,0.982380967232505,1.0036144492416494,0.9403176474999995
13.9111,0.0423,0.0242,0.003325,0.0045249999999999,0.9825483599548842,1.0039230387054614,0.9407847724999995
14.0117,0.0408,0.0232,0.0032,0.0044,0.9827086467392419,1.004220136767972,0.9412399874999995
14.1119,0.0395,0.0222,0.003085,0.004325,0.9828617993125718,1.0045052648981634,0.9416808674999995
14.2111,0.0381,0.0213,0.00297,0.0042,0.9830071877025001,1.0047779525478913,0.9421099074999995
14.3116,0.0368,0.0204,0.00286,0.0040999999999999,0.9831485821316293,1.005044190401579,0.9425320074999994
14.4107,0.0356,0.0196,0.00276,0.004,0.9832822908596701,1.005297376403725,0.9429383174999995
14.5104,0.0344,0.0188,0.00266,0.0039,0.9834116559758891,1.0055434957054663,0.9433371174999995
14.6125,0.0332,0.018,0.0025599999999999,0.0038,0.9835388670061458,1.005786727820817,0.9437353074999995
14.7112,0.0321,0.0173,0.00247,0.0036999999999999,0.9836567560188437,1.0060133376624063,0.9441103674999994
14.8106,0.031,0.0165,0.002375,0.0036249999999999,0.983770954131892,1.0062337701930915,0.9444781474999995
14.9102,0.03,0.0159,0.0022949999999999,0.0035249999999999,0.9838803596906603,1.006446584424842,0.9448391974999995
15.0109,-6.738,1.3327,-0.270265,-2.017675,0.9839869921324126,1.0066546703589383,0.9451941649999994
15.1107,-7.2611,2.7852,-0.2237949999999999,-2.511575,0.9845150957688632,0.9729989358145521,0.7438301999999992
15.2104,-7.5007,4.4215,-0.15396,-2.98055,0.9850510074282212,0.9394642367062812,0.4934261724999984
15.3109,-7.1781,5.988,-0.0595049999999999,-3.291525,0.9856115646342729,0.9057541105800353,0.1938808974999976
15.4109,-6.0948,7.0926,0.0498899999999999,-3.29685,0.9861142863329754,0.8723090899684981,-0.13527160250000125
15.5108,-4.3621,7.43,0.153395,-2.948025,0.9866110998487326,0.839002292206387,-0.46462691750000085
15.6116,-2.418,7.0497,0.2315849999999999,-2.366925,0.9871186849137914,0.8055079851560114,-0.7617878374999996
15.7155,-0.7074,6.2985,0.279555,-1.751475,0.9875557543236076,0.771105118962197,-1.0077113450000024
15.8112,0.5799,5.5112,0.304555,-1.2328249999999998,0.9876628279425038,0.739534793786603,-1.1753275025000005
15.9109,1.4692,4.8515,0.316035,-0.8455750000000001,0.9880177562250346,0.7067791861664421,-1.298240155000001
16.0105,2.0592,4.3523,0.320575,-0.5732749999999999,0.9883801634410456,0.674196914016475,-1.3824594250000013
16.1109,2.4436,3.9916,0.32176,-0.387,0.9887522486012512,0.6415027152643993,-1.4400162350000016
16.2109,2.6913,3.7358,0.321355,-0.2611249999999999,0.9891112919362162,0.6090968058668285,-1.4787162350000007
16.3107,2.8489,3.5544,0.320165,-0.1763749999999999,0.9894652549037518,0.5769218183902365,-1.5047765100000012
16.4107,2.9469,3.4245,0.31857,-0.1194,0.9898175355766196,0.5448587089864375,-1.5224140100000008
16.5105,3.0052,3.3294,0.31673,-0.08105,0.9901649507732871,0.5130449969031627,-1.534330130000001
16.6106,3.0369,3.2577,0.31473,-0.0551999999999999,0.9905100722712017,0.4813318228911525,-1.542443235000001
16.7113,3.0504,3.2014,0.31259,-0.03775,0.9908529146485224,0.4496354917780169,-1.548001875000001
16.8115,3.0514,3.1551,0.310325,-0.0259249999999999,0.9911886529191456,0.41831348918426603,-1.551784425000001
16.9109,3.0436,3.1152,0.30794,-0.0179,0.9915174165831502,0.3874678597845984,-1.5543613700000012
17.0114,3.0296,3.0793,0.305445,-0.012425,0.9918461515308505,0.35652111290118554,-1.5561603200000012
17.1102,3.0109,3.0457,0.30283,-0.0087,0.992165074825399,0.3263445824577856,-1.5573879100000012
17.2106,2.9886,3.0133,0.300095,-0.006175,0.9924853937359187,0.2959420123667209,-1.5582613900000013
17.3104,2.9636,2.9812,0.29724,-0.0043999999999999,0.9927991770976744,0.26599411177257604,-1.5588776550000014
17.4106,2.9363,2.949,0.294265,-0.0031749999999999,0.9931100629663725,0.23621225372951488,-1.5593185350000014
17.511,2.907,2.9164,0.29117,-0.0023499999999999,0.993417282865807,0.20666962791109844,-1.5596373050000014
17.6101,2.8761,2.8831,0.28796,-0.00175,0.9937159821156532,0.17781621758432456,-1.5598701900000014
17.711,2.8436,2.8489,0.284625,-0.001325,0.9940157800496885,0.14876259495214772,-1.5600467650000014
17.8105,2.8096,2.8138,0.28117,-0.0010499999999999,0.9943070208040378,0.12044390196201366,-1.5601786025000013
17.9105,2.7743,2.7776,0.277595,-0.0008249999999999,0.9945950543405839,0.09232837536314323,-1.5602836025000013
18.0108,2.7378,2.7405,0.273915,-0.0006749999999999,0.9948794781103663,0.06448704841576618,-1.5603663500000013
18.1109,2.7001,2.7023,0.27012,-0.00055,0.9951586949449935,0.03706957780482685,-1.5604339175000013
18.21,2.6612,2.6631,0.266215,-0.000475,0.9954306299885901,0.010302066528137751,-1.5604884225000013
18.3109,2.6213,2.6229,0.26221,-0.0003999999999999,0.9957027141710452,-0.01655764935241175,-1.5605363500000013
18.4105,2.5803,2.5818,0.258105,-0.000375,0.9959666764238256,-0.042672431655291526,-1.5605761900000013
18.5114,2.5384,2.5397,0.253905,-0.0003249999999999,0.996229049160297,-0.06871390473638164,-1.5606140275000013
18.6103,2.4955,2.4967,0.24961,-0.0003,0.9964815204585318,-0.09382384022048426,-1.5606461700000014
18.7106,2.4519,2.453,0.245245,-0.0002749999999999,0.9967326253880546,-0.11885846410338188,-1.5606762600000015
18.8106,2.4075,2.4085,0.2408,-0.0002499999999999,0.9969780608705878,-0.1433817360962549,-1.5607037600000015
18.9107,2.3624,2.3633,0.236285,-0.000225,0.997218826405545,-0.16748461374325083,-1.5607287850000016
19.012,2.3167,2.3176,0.231715,-0.000225,0.997457516563561,-0.19141909419485117,-1.5607515775000016
19.1108,2.2705,2.2713,0.22709,-0.0001999999999999,0.9976852486940873,-0.2143114035939884,-1.5607738075000015
19.2102,2.2238,2.2246,0.22242,-0.0001999999999999,0.9979094927886797,-0.23688303580166653,-1.5607936875000015
19.3105,2.1768,2.1775,0.217715,-0.000175,0.9981306293072914,-0.25919066585076084,-1.5608137475000015
19.4109,2.1294,2.1301,0.212975,-0.000175,0.998347073838781,-0.28104818027420886,-1.5608313175000015
19.5152,2.0819,2.0826,0.208225,-0.0001749999999999,0.9985666006821677,-0.3032603880660316,-1.5608495700000016
19.611,2.0342,2.0349,0.203455,-0.000175,0.9987633384502217,-0.3232073729445365,-1.5608663350000016
19.7104,1.9866,1.9871,0.198685,-0.000125,0.9989624141998981,-0.34342982016281537,-1.5608837300000016
19.8108,1.9389,1.9395,0.19392,-0.0001499999999999,0.9991588922464621,-0.3633768265712197,-1.5608962800000015
19.911,1.8914,1.8919,0.189165,-0.0001249999999999,0.9993497518486707,-0.3828066732439528,-1.5609113100000014
20.0153,1.8441,1.8446,0.184435,-0.0001249999999999,0.9995434754729648,-0.4025356316993638,-1.5609243475000014
20.111,1.797,1.7975,0.179725,-0.000125,0.9997165211256416,-0.42018521294560246,-1.5609363100000013
20.2111,1.7503,1.7507,0.17505,-9.9999999999989e-05,0.9998926534232281,-0.4381748232735838,-1.5609488225000012
20.3106,1.7039,1.7044,0.1704149999999999,-0.0001249999999999,1.0000631743592312,-0.45559146356314745,-1.5609587725000011
20.4108,1.658,1.6585,0.165825,-0.000125,1.0002299011852516,-0.4726662326252494,-1.5609712975000012
20.5109,1.6127,1.6131,0.16129,-9.9999999999989e-05,1.0003917338436648,-0.48926452626038286,-1.560983810000001
20.6144,1.5679,1.5683,0.15681,-9.9999999999989e-05,1.0005545016611277,-0.5059572477510221,-1.560994160000001
20.711,1.5237,1.5241,0.15239,-9.9999999999989e-05,1.0007020150428736,-0.5211043755043314,-1.561003820000001
20.8107,1.4802,1.4806,0.14804,-9.9999999999989e-05,1.000849796039865,-0.5362969398069446,-1.561013790000001
20.9105,1.4374,1.4378,0.14376,-9.9999999999989e-05,1.0009933268157687,-0.5510706346353221,-1.561023770000001
21.0106,1.3954,1.3957,0.139555,-7.499999999999174e-05,1.0011329543918979,-0.5654603332618872,-1.561033780000001
21.1153,1.3541,1.3544,0.135425,-7.499999999999174e-05,1.001274811472704,-0.5800710531462433,-1.561041632500001
21.2108,1.3136,1.3139,0.131375,-7.499999999999174e-05,1.001400251570896,-0.5930035323199141,-1.561048795000001
21.3103,1.2739,1.2742,0.127405,-7.499999999999174e-05,1.0015269212465627,-0.6060747310937573,-1.5610562575000009
21.4108,1.235,1.2353,0.123515,-7.499999999999174e-05,1.0016508793800298,-0.6188783335793971,-1.5610637950000008
21.511,1.197,1.1973,0.119715,-7.499999999999174e-05,1.0017705778032522,-0.6312539577474722,-1.5610713100000009
21.6107,1.1599,1.1601,0.1159999999999999,-4.999999999999449e-05,1.0018859020284334,-0.6431889861140088,-1.561078787500001
21.7107,1.1236,1.1238,0.11237,-4.999999999999449e-05,1.00199812373378,-0.654788443279706,-1.561083787500001
21.8106,1.0882,1.0884,0.10883,-4.999999999999449e-05,1.0021066532073946,-0.6660136816529001,-1.561088782500001
21.9106,1.0537,1.0539,0.10538,-4.999999999999449e-05,1.0022117987762202,-0.6768961737231638,-1.561093782500001
22.0108,1.0201,1.0203,0.10202,-4.999999999999449e-05,1.0023137460949845,-0.6874547575756024,-1.561098792500001
22.1102,0.9873,0.9875,0.09874,-5.0000000000022256e-05,1.002411588216407,-0.6975950735680765,-1.561103762500001
22.2126,0.9554,0.9556,0.09555,-4.999999999999449e-05,1.00250907599096,-0.7077055795924321,-1.561108882500001
22.3105,0.9244,0.9245,0.092445,-2.4999999999997247e-05,1.0025992047926469,-0.7170594904011659,-1.561113777500001
22.4106,0.8942,0.8944,0.08943,-4.999999999999449e-05,1.0026885529916438,-0.726312803550154,-1.561116280000001
22.5102,0.8649,0.865,0.086495,-2.4999999999997247e-05,1.002774276052281,-0.7352196190556457,-1.5611212600000008
22.6106,0.8364,0.8366,0.08365,-4.999999999999449e-05,1.0028580429814413,-0.7439033130413977,-1.561123770000001
22.7106,0.8087,0.8089,0.08088,-4.999999999999449e-05,1.002938452680777,-0.7522679265728317,-1.561128770000001
22.8107,0.7819,0.782,0.078195,-2.4999999999997247e-05,1.00301622037553,-0.760363641077426,-1.561133775000001
22.9107,0.7559,0.756,0.075595,-2.4999999999997247e-05,1.003091525535248,-0.7681827784624204,-1.5611362750000009
23.0105,0.7306,0.7307,0.073065,-2.4999999999997247e-05,1.003164154024643,-0.7757268098673088,-1.5611387700000008
23.1104,0.7061,0.7062,0.070615,-2.5000000000025e-05,1.0032343955662928,-0.7830256653898302,-1.5611412675000007
23.211,0.6824,0.6825,0.068245,-2.4999999999997247e-05,1.0033027312888032,-0.7901292057086742,-1.5611437825000007
23.3105,0.6594,0.6595,0.065945,-2.4999999999997247e-05,1.0033680259521807,-0.7969192692769569,-1.5611462700000007
23.4106,0.6371,0.6372,0.063715,-2.4999999999997247e-05,1.003431475661994,-0.803520058835402,-1.5611487725000006
23.511,0.6155,0.6156,0.061555,-2.4999999999997247e-05,1.0034929389860767,-0.8099167495585017,-1.5611512825000007
23.6105,0.5946,0.5947,0.059465,-2.4999999999997247e-05,1.003551762551558,-0.8160411895779668,-1.5611537700000007
23.7108,0.5744,0.5745,0.057445,-2.4999999999997247e-05,1.0036090224043663,-0.8220052542190813,-1.5611562775000007
23.8111,0.5548,0.5549,0.055485,-2.4999999999997247e-05,1.0036643142007058,-0.8277667224178269,-1.5611587850000008
23.9107,0.5358,0.5359,0.053585,-2.4999999999997247e-05,1.0037173243928352,-0.8332927741717617,-1.5611612750000008
24.0104,0.5175,0.5176,0.0517549999999999,-2.4999999999997247e-05,1.003768548894743,-0.8386349530952658,-1.5611637675000007
24.1107,0.4998,0.4999,0.049985,-2.4999999999997247e-05,1.0038183002536796,-0.843825741184647,-1.5611662750000008
24.2108,0.4826,0.4827,0.048265,-2.5000000000011128e-05,1.003866233220251,-0.8488290100893574,-1.5611687775000007
24.3105,0.466,0.4661,0.046605,-2.4999999999997247e-05,1.00391231123069,-0.8536408099783284,-1.5611712700000007
24.4106,0.45,0.4501,0.045005,-2.4999999999997247e-05,1.0039569627337483,-0.8583057567943874,-1.5611737725000006
24.511,0.4345,0.4346,0.043455,-2.4999999999997247e-05,1.0040001906052112,-0.8628240520191524,-1.5611762825000006
24.6105,0.4195,0.4196,0.041955,-2.4999999999997247e-05,1.0040415361081272,-0.8671476268413361,-1.5611787700000006
24.7105,0.405,0.4051,0.040505,-2.4999999999997247e-05,1.0040816359571731,-0.8713429352107658,-1.5611812700000005
24.8102,0.3911,0.3911,0.03911,0.0,1.0041202150705975,-0.8753810994374391,-1.5611837625000005
24.9158,0.3775,0.3776,0.037755,-2.4999999999997247e-05,1.0041599145035494,-0.8795109246292941,-1.5611837625000005
25.0155,-8.5909,3.589,-0.2500949999999999,-3.044975,1.0041958480676212,-0.8832749266190918,-1.5611862550000004
25.1111,-8.6303,5.7363,-0.1447,-3.59165,0.9748574668024341,-0.8596466931632705,-1.8522858650000036
25.2111,-7.6931,7.5122,-0.009045,-3.801325,0.9443741182026031,-0.8357690607347588,-2.2114508649999958
25.3111,-5.692,8.295,0.13015,-3.49675,0.9144393550841192,-0.8123226270431971,-2.5915833650000013
25.4116,-3.1955,7.9417,0.23731,-2.7843,0.8849196046122095,-0.7891999849137663,-2.943006740000002
25.5112,-0.9844,6.9542,0.29849,-1.98465,0.8562770741908273,-0.766676381044307,-3.2203230199999986
25.611,0.588,5.9075,0.324775,-1.329875,0.8281378352600772,-0.7445880277878811,-3.4183910900000023
25.711,1.5819,5.061,0.332145,-0.869775,0.8005308294095238,-0.7229201255871615,-3.5513785899999997
25.811,2.1747,4.4422,0.330845,-0.5668749999999999,0.7735315830615396,-0.7017094074957485,-3.6383560900000007
25.9108,2.5142,4.0019,0.325805,-0.3719249999999999,0.7472004139711153,-0.6809998437014007,-3.694930215
26.0111,2.6977,3.6858,0.319175,-0.2470249999999999,0.7213590139663952,-0.6606527196955454,-3.7322342925000003
26.1112,2.7852,3.4521,0.311865,-0.166725,0.696199397400807,-0.6408064777768175,-3.7569614950000005
26.211,2.8129,3.2721,0.30425,-0.1148,0.6717451734790809,-0.6214810844124041,-3.77360065
26.3116,2.8032,3.1272,0.29652,-0.081,0.6477319583641609,-0.6024673687539742,-3.78514953
26.4117,2.7697,3.0053,0.28875,-0.0589,0.62447415213888,-0.5840084324928427,-3.7932576300000003
26.5111,2.7211,2.8985,0.28098,-0.04435,0.6020091977044455,-0.5661350151990394,-3.79911229
26.6111,2.6629,2.802,0.273245,-0.034775,0.5800403816629036,-0.5486117330297963,-3.80354729
26.7111,2.5986,2.7125,0.265555,-0.028475,0.5587007743450595,-0.5315421580546341,-3.80702479
26.8109,2.5308,2.628,0.25794,-0.0242999999999999,0.5380281212961835,-0.5149560555231554,-3.809866595
26.9113,2.4608,2.5473,0.250405,-0.021625,0.5178527987060845,-0.4987178411663609,-3.812306315
27.0117,2.3898,2.4695,0.242965,-0.0199249999999999,0.49829309662297155,-0.4829216998925769,-3.814477465
27.1109,2.3185,2.394,0.235625,-0.018875,0.47956777029694597,-0.4677456069827871,-3.816454025
27.2107,2.2475,2.3206,0.228405,-0.018275,0.4613248097289925,-0.4529063773765893,-3.81833775
27.3117,2.1771,2.2489,0.2213,-0.01795,0.44345553271081245,-0.4383153737921862,-3.820183525
27.4118,2.1076,2.179,0.21433,-0.0178499999999999,0.426323814197743,-0.4242706819462045,-3.82198032
27.5124,2.0392,2.1106,0.20749,-0.0178499999999999,0.40967632809009435,-0.41056681532567396,-3.8237760300000003
27.6112,1.972,2.0439,0.200795,-0.0179749999999999,0.3938754521211397,-0.3975048892518506,-3.8255396100000003
27.711,1.9062,1.9787,0.194245,-0.018125,0.3784566116835947,-0.38470384522305034,-3.8273335150000003
27.8109,1.8419,1.9151,0.18785,-0.0182999999999999,0.36355271250082644,-0.37227550944536797,-3.8291442025
27.9111,1.779,1.853,0.1815999999999999,-0.0185,0.349122961062956,-0.36018811775252796,-3.8309778625
28.0113,1.7177,1.7924,0.175505,-0.0186749999999999,0.3351999105086547,-0.3484710751716693,-3.8328315625
28.1111,1.658,1.7334,0.16957,-0.01885,0.32182386560354836,-0.3371615499373572,-3.8346953275
28.2118,1.5998,1.676,0.16379,-0.0190499999999999,0.3088093688897707,-0.3261054021874286,-3.8365935225
28.3109,1.5433,1.6201,0.15817,-0.0192,0.29646354151560617,-0.31556592080183565,-3.8384813775
28.4111,1.4884,1.5657,0.152705,-0.019325,0.28443360907814097,-0.3052461854942108,-3.8404052175
28.5117,1.4351,1.5129,0.1474,-0.0194499999999999,0.272797331472773,-0.295214751817431,-3.8423493124999997
28.6114,1.3833,1.4615,0.14224,-0.01955,0.2616895823011222,-0.2855907473620571,-3.8442884774999997
28.7109,1.3332,1.4117,0.137245,-0.019625,0.25101519664167027,-0.27629562272111285,-3.8462337024999997
28.8112,1.2846,1.3634,0.1324,-0.0196999999999999,0.24065540364345508,-0.2672288040157323,-3.8482020899999996
28.9109,1.2376,1.3165,0.127705,-0.0197249999999999,0.2307432186725425,-0.2585090243352528,-3.8501661799999995
29.0118,1.1921,1.2711,0.1231599999999999,-0.0197499999999999,0.22108894110150557,-0.24997269269424338,-3.8521564324999997
29.1111,1.1481,1.2271,0.11876,-0.01975,0.2119467517699892,-0.24184702036357086,-3.8541176074999997
29.2108,1.1055,1.1845,0.1145,-0.01975,0.20311570872199836,-0.23395741578878582,-3.8560866824999995
29.3111,1.0643,1.1433,0.11038,-0.0197499999999999,0.19456994233335928,-0.2262828205296295,-3.8580676074999993
29.4106,1.0246,1.1034,0.1064,-0.0196999999999999,0.18641658192588093,-0.21892187991551512,-3.8600327324999992
29.5116,0.9862,1.0648,0.10255,-0.01965,0.17845729731888751,-0.21169868875330822,-3.8620224324999994
29.6114,0.9491,1.0275,0.09883,-0.0196,0.1708952234629681,-0.20479953789880698,-3.8639835024999996
29.7112,0.9133,0.9914,0.095235,-0.0195249999999999,0.1636248902378575,-0.19813141205834198,-3.8659395825
29.8117,0.8788,0.9565,0.091765,-0.0194249999999999,0.15658679947524953,-0.19164218457294113,-3.8679018449999996
29.9109,0.8455,0.9228,0.088415,-0.0193249999999999,0.14990902451128693,-0.1854526236503199,-3.8698288049999996
30.0109,0.8134,0.8903,0.085185,-0.0192249999999999,0.1434387937640749,-0.1794238939424686,-3.8717613049999997
30.1108,0.7824,0.8588,0.08206,-0.0191,0.1372264321975421,-0.1736046813603106,-3.8736818824999997
30.2123,0.7525,0.8285,0.07905,-0.019,0.13116100973704448,-0.16789311640471277,-3.8756205324999997
30.3116,0.7238,0.7992,0.07615,-0.01885,0.12545915601491697,-0.16249481101203767,-3.8775072324999997
30.4114,0.696,0.7709,0.073345,-0.018725,0.11995235669244432,-0.15725390884370388,-3.8793884624999997
30.5111,0.6693,0.7436,0.070645,-0.018575,0.11466703024879993,-0.1521969550225471,-3.8812553449999996
30.6108,0.6436,0.7173,0.068045,-0.018425,0.10958899528902961,-0.1473126921554455,-3.8831072724999998
30.7113,0.6188,0.6919,0.065535,-0.0182749999999999,0.10467101703974728,-0.1425573616396539,-3.884958985
30.8109,0.5949,0.6674,0.063115,-0.018125,0.0999888499737705,-0.13800588880018333,-3.886779175
30.9147,0.5719,0.6437,0.06078,-0.01795,0.09530144765671111,-0.1334250950125848,-3.88866055
31.011,0.5498,0.6209,0.058535,-0.017775,0.09112456517891197,-0.1293211363962398,-3.890389135
31.111,0.5284,0.5989,0.056365,-0.017625,0.08695783015691913,-0.12520611797963468,-3.892166635
31.2146,0.5079,0.5777,0.0542799999999999,-0.0174499999999999,0.08281202178934258,-0.12108976403752118,-3.8939925850000003
31.3184,0.4882,0.5572,0.05227,-0.01725,0.07882250603569027,-0.11710711375005974,-3.8958038950000002
31.4172,0.4692,0.5375,0.050335,-0.0170749999999999,0.07517541633298451,-0.11344685014076956,-3.8975081950000003
31.512,0.4509,0.5185,0.04847,-0.0168999999999999,0.07181431232122344,-0.11005585376015689,-3.899126905
31.6169,0.4333,0.5001,0.04667,-0.0166999999999999,0.06824207104506756,-0.10643332818055107,-3.900899715
31.7119,0.4164,0.4825,0.044945,-0.0165249999999999,0.06513550377719161,-0.1032660482820954,-3.902486215
31.8108,0.4001,0.4654,0.043275,-0.0163249999999999,0.06202899928324359,-0.10008251207559779,-3.9041205375000003
31.9122,0.3844,0.449,0.04167,-0.0161499999999999,0.058970353222452185,-0.09693173816371681,-3.9057758925000003
32.015,0.3693,0.4331,0.04012,-0.0159499999999999,0.05599264147482156,-0.09384779975228845,-3.9074361125000006
32.1124,0.3548,0.4178,0.03863,-0.01575,0.05328367006741505,-0.091027226410961,-3.9089896425000004
32.2128,0.3409,0.4031,0.0372,-0.01555,0.050602053486290016,-0.0882207468501875,-3.9105709425000006
32.3112,0.3275,0.3889,0.03582,-0.01535,0.048077958453055514,-0.0855652862939479,-3.9121010625000006
32.4124,0.3146,0.3752,0.03449,-0.0151499999999999,0.04558502278270295,-0.08292901774148526,-3.9136544825000006
32.5111,0.3022,0.362,0.03321,-0.0149499999999999,0.043250343635552226,-0.08044709139671613,-3.9151497875000008
32.611,0.2902,0.3493,0.0319749999999999,-0.0147749999999999,0.040981125809088984,-0.07802223058113263,-3.9166432925000008
32.7111,0.2788,0.337,0.03079,-0.01455,0.03879808538785642,-0.07567687927477637,-3.918122270000001
32.8113,0.2677,0.3252,0.029645,-0.0143749999999999,0.036699459738327306,-0.07341077572820492,-3.919580180000001
32.9114,0.2571,0.3138,0.028545,-0.014175,0.03468664482140213,-0.07122556931226788,-3.921019117500001
33.0117,0.2469,0.3028,0.027485,-0.013975,0.032750030660721116,-0.06911207173730023,-3.922440870000001
33.1118,0.2371,0.2922,0.026465,-0.013775,0.03089423867140644,-0.06707615092761644,-3.923839767500001
33.2118,0.2277,0.282,0.025485,-0.0135749999999999,0.029114089684593534,-0.06511298845414457,-3.9252172675000008
33.3117,0.2187,0.2721,0.02454,-0.01335,0.02740636363069751,-0.06321986088580674,-3.926573410000001
33.4112,0.21,0.2626,0.02363,-0.01315,0.025772966808133332,-0.06140005191616366,-3.9279017350000007
33.5111,0.2016,0.2534,0.02275,-0.01295,0.024198241729845114,-0.05963650275144747,-3.9292154200000007
33.6124,0.1935,0.2446,0.021905,-0.012775,0.022665257187374294,-0.057910746849286626,-3.9305272550000008
33.7112,0.1858,0.2361,0.021095,-0.012575,0.021229912229827695,-0.05628608140011554,-3.9317894250000007
33.8116,0.1784,0.2279,0.020315,-0.0123749999999999,0.01982920927360053,-0.05469245897925496,-3.9330519550000007
33.9118,0.1713,0.2199,0.01956,-0.01215,0.018486808717165557,-0.05315725448048016,-3.9342919300000005
34.0123,0.1644,0.2123,0.018835,-0.011975,0.017193949108074896,-0.05167141623856467,-3.9355130050000007
34.1112,0.1578,0.2049,0.018135,-0.011775,0.01597249191350473,-0.05026002559283716,-3.9366973325000005
34.2111,0.1515,0.1978,0.017465,-0.011575,0.014787912849208619,-0.04888422845628177,-3.9378736550000006
34.3115,0.1454,0.1909,0.016815,-0.0113749999999999,0.013644642230042055,-0.04754963079971425,-3.9390357850000006
34.4108,0.1395,0.1843,0.01619,-0.0111999999999999,0.01255909827883061,-0.046275915963969,-3.9401653225000004
34.5112,0.1339,0.178,0.0155949999999999,-0.0110249999999999,0.01150550841924759,-0.04503303013370789,-3.9412898025000005
34.6114,0.1285,0.1718,0.015015,-0.010825,0.01049570521881613,-0.04383541610284083,-3.9423945075000004
34.7111,0.1233,0.1659,0.01446,-0.0106499999999999,0.009531080943005848,-0.04268557115976144,-3.9434737600000003
34.8113,0.1184,0.1601,0.013925,-0.0104249999999999,0.008600276059602395,-0.04157009907984849,-3.9445408900000003
34.9114,0.1136,0.1546,0.01341,-0.0102499999999999,0.007707167192263543,-0.040494839733397625,-3.9455844325000005
35.0115,0.109,0.1493,0.012915,-0.0100749999999999,0.006849687770600053,-0.03945698826294975,-3.9466104575000003
35.1121,0.1046,0.1441,0.012435,-0.009875,0.006022241045917041,-0.038450185096247036,-3.9476240025000005
35.2116,0.1003,0.1392,0.011975,-0.0097249999999999,0.005236483246164806,-0.03748940054412372,-3.9486065650000004
35.3114,0.0963,0.1344,0.011535,-0.0095249999999999,0.004479975055963927,-0.03655913655510539,-3.9495771200000003
35.4124,0.0924,0.1298,0.01111,-0.00935,0.0037445305366861723,-0.03565046564036478,-3.9505391450000005
35.5117,0.0886,0.1253,0.010695,-0.0091749999999999,0.0030501979482153367,-0.034788129550903935,-3.9514676000000004
35.6114,0.085,0.121,0.0103,-0.0089999999999999,0.0023811411569434303,-0.03395284025795635,-3.9523823475000004
35.7109,0.0815,0.1169,0.00992,-0.00885,0.0017400037422694876,-0.033148303409511734,-3.9532778475000003
35.8111,0.0782,0.1129,0.009555,-0.0086749999999999,0.001120198085631585,-0.03236618529146007,-3.9541646175000005
35.9116,0.075,0.109,0.0092,-0.0085,0.0005231797574603736,-0.0316090175431388,-3.9550364550000006
36.0115,0.072,0.1053,0.008865,-0.008325,-4.652413609039247e-05,-0.030882824678055382,-3.9558856050000006
36.1115,0.069,0.1017,0.008535,-0.0081749999999999,-0.0005944596827406794,-0.03018098463273375,-3.9567181050000007
36.211,0.0662,0.0982,0.00822,-0.008,-0.0011176427703605937,-0.029507121371503183,-3.9575315175000005
36.3118,0.0635,0.0948,0.007915,-0.0078249999999999,-0.0016266348040961292,-0.028848358814150567,-3.9583379175000006
36.4115,0.0609,0.0916,0.007625,-0.0076749999999999,-0.0021100009781557637,-0.0282197392346291,-3.9591180700000006
36.5115,0.0584,0.0885,0.007345,-0.0075249999999999,-0.0025755869313363435,-0.027611030328253527,-3.9598855700000004
36.6122,0.056,0.0854,0.00707,-0.00735,-0.0030257929554934186,-0.027019315700941064,-3.9606433375000005
36.7115,0.0537,0.0825,0.00681,-0.0072,-0.0034519183545988538,-0.026456626058199633,-3.9613731925000004
36.8113,0.0515,0.0797,0.00656,-0.0070499999999999,-0.0038631643985832624,-0.02591078012106426,-3.9620917525000006
36.9116,0.0493,0.077,0.006315,-0.006925,-0.004260079475338519,-0.025381270511047035,-3.9627988675000005
37.0121,0.0473,0.0744,0.006085,-0.0067749999999999,-0.004641554008311049,-0.024869302776698788,-3.9634948300000006
37.1116,0.0454,0.0719,0.005865,-0.006625,-0.005004392312011591,-0.024379944598775325,-3.9641689425000006
37.2113,0.0435,0.0694,0.005645,-0.006475,-0.005353802889730302,-0.02390645070425811,-3.9648294550000007
37.3117,0.0417,0.0671,0.00544,-0.00635,-0.005691439555117984,-0.023446622167919956,-3.965479545000001
37.4112,0.04,0.0648,0.00524,-0.0061999999999999,-0.0060128083951024565,-0.023006510664556,-3.966111370000001
37.5114,0.0383,0.0626,0.005045,-0.006075,-0.006323656196742639,-0.022578832704058305,-3.966732610000001
37.6112,0.0367,0.0604,0.004855,-0.005925,-0.006620711469777965,-0.022167813036821894,-3.967338895000001
37.7114,0.0352,0.0584,0.00468,-0.0058,-0.006906903954316739,-0.02176997825399518,-3.967932580000001
37.8114,0.0337,0.0564,0.004505,-0.0056749999999999,-0.007181351237320771,-0.021386485504583004,-3.968512580000001
37.9115,0.0323,0.0545,0.00434,-0.0055499999999999,-0.0074449091092986,-0.021016187505109172,-3.969080647500001
38.0113,0.031,0.0527,0.004185,-0.0054249999999999,-0.007697242114209887,-0.020659817858004585,-3.969634537500001
38.1121,0.0297,0.0509,0.00403,-0.0052999999999999,-0.007942265411470795,-0.020312097196036688,-3.970181377500001
38.2116,0.0284,0.0491,0.003875,-0.0051749999999999,-0.00817443324885074,-0.019980935535006437,-3.9707087275000013
38.3119,0.0272,0.0475,0.003735,-0.005075,-0.008398714028206493,-0.01965929781039161,-3.9712277800000013
38.4117,0.0261,0.0459,0.0036,-0.00495,-0.008613013697364202,-0.01935012840478984,-3.971734265000001
38.5118,0.025,0.0443,0.003465,-0.0048249999999999,-0.008819605400827261,-0.019050738440678693,-3.972229760000001
38.6113,0.024,0.0428,0.00334,-0.0046999999999999,-0.009016670695224141,-0.018763798135254233,-3.9727098475000013
38.7117,0.023,0.0414,0.00322,-0.0046,-0.009207847174760813,-0.01848428338803691,-3.9731817275000014
38.8114,0.022,0.04,0.0031,-0.0045,-0.009390236363376884,-0.01821614100780587,-3.9736403475000013
38.9115,0.0211,0.0386,0.002985,-0.004375,-0.00956588542715968,-0.017956393525590503,-3.974090797500001
39.0116,0.0202,0.0373,0.002875,-0.004275,-0.00973459532602912,-0.017705923155756496,-3.974528735000001
39.1115,0.0193,0.0361,0.00277,-0.0042,-0.009896205455866862,-0.017464682414395014,-3.974955807500001
39.2122,0.0185,0.0348,0.002665,-0.004075,-0.010052455409971826,-0.017229774560121893,-3.975378747500001
39.3121,0.0177,0.0337,0.00257,-0.004,-0.010201240400801238,-0.01700527390074268,-3.9757858400000012
39.4119,0.017,0.0325,0.002475,-0.003875,-0.010343970495264934,-0.01678846339654515,-3.976185040000001
39.5116,0.0163,0.0314,0.002385,-0.003775,-0.0104810346771387,-0.016579668663631253,-3.9765713775000013
39.6114,0.0156,0.0304,0.0023,-0.0037,-0.010612866719303617,-0.016377939565239672,-3.9769481225000014
39.7117,0.0149,0.0293,0.00221,-0.0036,-0.010740120793351743,-0.01618197655072124,-3.9773192325000015
39.8116,0.0143,0.0283,0.00213,-0.0034999999999999,-0.010861506258939236,-0.015994087368272902,-3.9776788725000016
39.9121,0.0137,0.0274,0.002055,-0.003425,-0.010978908723910228,-0.01581166542313269,-3.9780306225000017
