time,omega_R,omega_L,u,omega,x,y,psi
0.013,8.3775,-2.2848,0.304635,2.665575,0.0,0.0,0.0
0.1301,7.0683,0.0915,0.35799000000000003,1.7442000000000002,0.0356727585,0.031213883249999998,0.3121388325
0.2106,5.9269,1.5972,0.376205,1.082425,0.05878656726691671,0.053426144566681155,0.45254693250000005
0.3106,5.1135,2.4625,0.3788,0.6627500000000001,0.08788706613428604,0.07961063184412723,0.5607894325
0.4145,4.5689,2.9364,0.375265,0.40812500000000007,0.11755390424522433,0.10637430071355797,0.6296491575000001
0.51,4.2045,3.1832,0.3693850000000001,0.25532500000000014,0.14422410247372522,0.13062796455841993,0.6686250950000001
0.6099,3.9526,3.2986,0.36256,0.16349999999999998,0.17159862835955236,0.155504994678089,0.6941320625000001
0.7103,3.7692,3.3369,0.355305,0.10807500000000005,0.19852666764605878,0.18005310869942565,0.7105474625000001
0.8095,3.6271,3.3296,0.347835,0.07437499999999997,0.22454422407726052,0.2038550986656781,0.7212685025000001
0.9194,3.51,3.2947,0.34023500000000007,0.0538249999999999,0.25271180651565384,0.22971170371892496,0.7294423150000001
1.0169,3.4079,3.243,0.33254500000000004,0.04122500000000007,0.27709399415703906,0.25221118055802005,0.7346902525000001
1.111,3.315,3.1809,0.324795,0.03352500000000003,0.3000541703614013,0.2734761842589055,0.7385695250000001
1.21,3.2278,3.1123,0.317005,0.028874999999999984,0.32360695595934574,0.2953691397506794,0.7418885000000001
1.3103,3.1441,3.0397,0.30919,0.026100000000000012,0.34685078955343174,0.31706633662422756,0.7447846625000001
1.4109,3.0627,2.9648,0.301375,0.024475000000000025,0.3695419112276516,0.3383424436282427,0.7474103225000001
1.5112,2.9829,2.8885,0.29357,0.023599999999999958,0.39154575729638924,0.3590696652174465,0.7498651650000001
1.6108,2.9042,2.8115,0.285785,0.023174999999999942,0.41278251374887,0.3791696154025672,0.7522157250000001
1.7107,2.8265,2.7344,0.27804500000000004,0.023024999999999962,0.4334708158743966,0.3988456356688502,0.7545309075000001
1.8111,2.7497,2.6574,0.270355,0.023074999999999957,0.45365167068104967,0.41813485158758446,0.7568426175
1.9106,2.6738,2.581,0.26274,0.0232,0.4730507615726159,0.43677232291882395,0.75913858
2.0101,2.5988,2.5052,0.25520000000000004,0.023400000000000087,0.4918565021083735,0.45493366960138754,0.76144698
2.1115,2.5246,2.4302,0.24774000000000004,0.023599999999999958,0.510423757760957,0.4729599542332849,0.76381974
2.21,2.4515,2.3563,0.24039000000000002,0.023799999999999932,0.5278863558751271,0.49000660617631125,0.76614434
2.31,2.3795,2.2835,0.23315000000000002,0.02400000000000002,0.5450435839927247,0.5068458368095891,0.76852434
2.4108,2.3086,2.2119,0.22602500000000003,0.024175000000000058,0.5617715471547153,0.5233550831899628,0.77094354
2.51,2.2389,2.1416,0.219025,0.02432500000000004,0.5776864692898622,0.5391507946069413,0.7733417
2.6101,2.1705,2.0726,0.212155,0.024475000000000025,0.5932050543548761,0.5546398950173825,0.7757766325000001
2.7104,2.1034,2.0051,0.20542500000000002,0.024575000000000014,0.6082238506268788,0.5697163036356688,0.7782314750000001
2.8098,2.0376,1.9391,0.198835,0.024624999999999952,0.6225940558634151,0.5842250057950541,0.7806742300000001
2.9103,1.9733,1.8746,0.192395,0.024675000000000002,0.6366165368205828,0.5984639757924511,0.7831490425000002
3.0099,1.9104,1.8116,0.18610000000000004,0.0247,0.6500235520312658,0.6121576005315204,0.7856066725000002
3.1104,1.8489,1.7502,0.179955,0.024675000000000002,0.6630702824363036,0.6255609033206088,0.7880890225000001
3.2103,1.789,1.6904,0.17397,0.024650000000000005,0.6755732730382152,0.638480913301576,0.7905540550000001
3.3107,1.7305,1.6321,0.16813,0.024599999999999955,0.6876842739124103,0.6510692651995484,0.7930289150000001
3.4102,1.6735,1.5755,0.16244999999999998,0.024500000000000025,0.6992484143256869,0.6631600813460766,0.795476615
3.515,1.6181,1.5204,0.156925,0.02442500000000003,0.7109814232770512,0.6754988365386561,0.798044215
3.6113,1.5642,1.467,0.15156000000000003,0.02429999999999999,0.7213627409765373,0.6864830256045409,0.8003963425
3.7109,1.5118,1.415,0.14634,0.024200000000000003,0.7317018109135368,0.6974845067308254,0.8028166225000001
3.8105,1.4608,1.3647,0.141275,0.02402500000000002,0.7416537661183247,0.7081363063366299,0.8052269425
3.9102,1.4114,1.3159,0.13636500000000001,0.02387499999999998,0.751241317213221,0.7184574871437451,0.8076222350000001
4.0108,1.3634,1.2686,0.1316,0.0237,0.7605501085423918,0.7285369895029402,0.81002406
4.1105,1.3169,1.2227,0.12698,0.023550000000000015,0.7694253128645475,0.7382031482954446,0.81238695
4.211,1.2718,1.1784,0.12251,0.023350000000000037,0.7780304411243095,0.7476298874396108,0.8147537250000001
4.3104,1.2281,1.1355,0.11818000000000001,0.023150000000000004,0.7862159164009321,0.7566489353140615,0.8170747150000001
4.4098,1.1857,1.0939,0.11398000000000003,0.02294999999999997,0.7940873374106574,0.7653717704504401,0.8193758250000001
4.5108,1.1447,1.0538,0.10992500000000001,0.022724999999999995,0.8017769292050474,0.7739420441029016,0.8216937750000001
4.6111,1.1051,1.015,0.106005,0.022525000000000017,0.8091181645888335,0.7821712220706888,0.8239730925000001
4.7108,1.0667,0.9775,0.10221000000000001,0.022299999999999986,0.816132792950041,0.7900796233333844,0.826218835
4.8112,1.0296,0.9413,0.09854500000000001,0.02207500000000001,0.822922228841,0.7977776718613998,0.8284577550000001
4.9103,0.9937,0.9063,0.095,0.021850000000000005,0.8293628389126839,0.8051218828097838,0.8306453875
5.0096,0.959,0.8725,0.09157500000000002,0.021624999999999978,0.8355645815413982,0.8122335905382452,0.8328150925000001
5.1117,0.9255,0.8399,0.08827000000000002,0.021400000000000002,0.8416917446200006,0.819299389974356,0.835023005
5.2101,0.8931,0.8085,0.08508,0.02115,0.8473651876282475,0.8258795839254318,0.837128765
5.3116,0.8618,0.7781,0.081995,0.020925,0.8529881401852204,0.8324372070930658,0.83927549
5.4116,0.8316,0.7488,0.07902,0.020699999999999996,0.858309708488426,0.8386787210605914,0.84136799
5.5121,0.8024,0.7206,0.07615000000000001,0.020449999999999992,0.8634471748645546,0.8447382011435254,0.8434483399999999
5.6106,0.7742,0.6934,0.07338,0.020199999999999996,0.8682839151967072,0.8504747631463289,0.8454626649999999
5.7109,0.747,0.6671,0.070705,0.019974999999999993,0.8730148335622039,0.8561165063778521,0.8474887249999998
5.8112,0.7208,0.6418,0.06813000000000001,0.019749999999999986,0.877558422653752,0.8615652043864018,0.8494922174999998
5.9111,0.6954,0.6175,0.065645,0.019474999999999992,0.8819048238929613,0.8668065692871958,0.8514652424999998
6.011,0.671,0.594,0.06325000000000001,0.019250000000000017,0.8860793735916408,0.871867943071132,0.8534107949999997
6.1098,0.6474,0.5713,0.06093500000000001,0.019024999999999986,0.8900443239004837,0.8767018433694943,0.8553126949999997
6.2106,0.6246,0.5495,0.05870500000000001,0.018775000000000014,0.8939287863481,0.8814636642907961,0.8572304149999997
6.3108,0.6026,0.5285,0.056555,0.018525000000000014,0.8976366833038021,0.8860339652165259,0.8591116699999998
6.4117,0.5814,0.5083,0.054485000000000006,0.018275000000000013,0.9012220468476155,0.8904772862234577,0.8609808424999997
6.5109,0.561,0.4888,0.05249000000000001,0.01805000000000001,0.9046068909414704,0.8946949596967109,0.8627937224999997
6.6099,0.5413,0.4701,0.050570000000000004,0.017799999999999996,0.9078505256317453,0.8987587611287655,0.8645806724999997
6.7101,0.5223,0.452,0.048715,0.017574999999999993,0.9110031785306858,0.9027296848060141,0.8663642324999997
6.8103,0.5039,0.4346,0.046925,0.017325000000000007,0.9140300916380644,0.9065631352105101,0.8681252474999998
6.9123,0.4862,0.4178,0.045200000000000004,0.017100000000000004,0.9169884557257186,0.9103298919638196,0.8698923974999998
7.0108,0.4692,0.4017,0.043545,0.016875,0.919730990571232,0.913841153533451,0.8715767474999998
7.1107,0.4527,0.3862,0.041945,0.016625,0.9224018110263689,0.917279016765961,0.8732625599999998
7.2097,0.4369,0.3713,0.04041,0.016399999999999998,0.9249429748233317,0.9205673732901516,0.8749084349999998
7.3104,0.4216,0.3569,0.038925,0.016174999999999995,0.9274249124035787,0.9237963601897891,0.8765599149999999
7.4099,0.4068,0.3431,0.037495,0.015924999999999995,0.9297791868704748,0.9268759240057992,0.8781693274999999
7.5099,0.3926,0.3298,0.03612,0.015700000000000006,0.9320509173039792,0.9298631219654245,0.8797618274999999
7.6102,0.3788,0.3169,0.034785,0.015475000000000003,0.9342385312587874,0.9327551944028758,0.8813365374999999
7.7094,0.3656,0.3046,0.03351,0.01525,0.9363151260098067,0.93551534972926,0.8828716574999999
7.8098,0.3528,0.2928,0.032279999999999996,0.015,0.9383330171255473,0.9382117867102279,0.8844027574999999
7.9107,0.3405,0.2814,0.031095,0.01477500000000001,0.940280104285324,0.9408271540162552,0.8859162574999999
8.0103,0.3287,0.2704,0.029955,0.014575000000000005,0.9421252702712652,0.9433189026567587,0.8873878474999999
8.1108,0.3172,0.2598,0.02885,0.014350000000000002,0.9439126220197691,0.9457457946051832,0.8888526349999999
8.2098,0.3062,0.2497,0.027795000000000004,0.014125000000000006,0.9456025704651566,0.9480527080276283,0.8902732849999999
8.3102,0.2955,0.2399,0.026770000000000002,0.013899999999999997,0.9472482014897835,0.9503109283107128,0.8916914349999999
8.4105,0.2852,0.2305,0.025785000000000002,0.013675,0.9488261754812523,0.9524878129317018,0.8930856049999999
8.5101,0.2753,0.2215,0.02484,0.013449999999999998,0.9503303535965024,0.9545738567436596,0.8944476349999999
8.6102,0.2658,0.2128,0.02393,0.013249999999999998,0.9517817709381278,0.9565972491503063,0.8957939799999999
8.7104,0.2566,0.2044,0.02305,0.013049999999999999,0.9531764950050701,0.9585521785669637,0.8971216299999999
8.81,0.2477,0.1964,0.022205000000000003,0.012825000000000003,0.9545071628411779,0.9604274980594323,0.8984214099999999
8.9108,0.2391,0.1887,0.021390000000000003,0.0126,0.9558001176612393,0.9622591109691793,0.8997141699999999
9.0107,0.2308,0.1812,0.020600000000000004,0.012400000000000001,0.9570303120222321,0.9640108646708675,0.9009729099999999
9.1103,0.2228,0.1741,0.019845,0.012174999999999998,0.9582073235751283,0.9656959807321419,0.9022079499999999
9.2103,0.2152,0.1672,0.019119999999999998,0.012000000000000005,0.9593419363491952,0.9673286831439194,0.9034254499999999
9.3098,0.2077,0.1606,0.018414999999999997,0.011775,0.960425617451013,0.9688968571084918,0.9046194499999999
9.4124,0.2006,0.1542,0.017740000000000002,0.0116,0.9614982441742622,0.970456927727645,0.9058275649999998
9.5125,0.1937,0.1481,0.01709,0.0114,0.9625025822186383,0.9719259959075301,0.9069887249999998
9.6106,0.187,0.1423,0.016465000000000004,0.011174999999999997,0.9634474396222801,0.9733154205431906,0.9081070649999998
9.7103,0.1805,0.1366,0.015855,0.010974999999999999,0.9643695591085562,0.9746780759562381,0.9092212124999999
9.8102,0.1743,0.1312,0.015275,0.010775,0.9652561445287793,0.975995183552594,0.9103176149999999
9.9113,0.1684,0.126,0.01472,0.010599999999999998,0.9661175403115188,0.9772815483553142,0.9114069674999998
10.0102,0.1626,0.121,0.014179999999999998,0.010399999999999998,0.9669265609999644,0.9784963951053559,0.9124553074999998
10.1149,0.157,0.1162,0.01366,0.0102,0.9677487441689218,0.9797373806727753,0.9135441874999998
10.2141,0.1516,0.1115,0.013155,0.010025000000000003,0.9684965121972755,0.9808719736847457,0.9145560274999998
10.3108,0.1464,0.1071,0.012675,0.009825,0.9691958611651097,0.9819389872160162,0.9155254449999998
10.411,0.1414,0.1028,0.01221,0.009649999999999999,0.9698917309827775,0.9830059669775142,0.9165099099999998
10.5107,0.1366,0.0987,0.011765000000000001,0.009475,0.9705562526423118,0.9840304555308368,0.9174720149999999
10.6116,0.1319,0.0948,0.011335,0.009274999999999999,0.9712018849931943,0.9850311941880964,0.9184280424999999
10.7101,0.1274,0.091,0.010920000000000001,0.009100000000000004,0.9718070791203657,0.9859738782057529,0.9193416299999999
10.8108,0.123,0.0873,0.010515,0.008924999999999999,0.9724009714899761,0.9869038814959749,0.9202579999999999
10.912,0.1188,0.0838,0.01013,0.00875,0.9729735435267083,0.9878053615366398,0.92116121
11.0103,0.1148,0.0805,0.009765000000000001,0.008575,0.9735073940023662,0.9886503335105165,0.9220213349999999
11.1115,0.1109,0.0772,0.009405,0.008424999999999998,0.974035338295669,0.9894902026869564,0.922889125
11.2101,0.1071,0.0741,0.00906,0.00825,0.974528765270756,0.9902797449727878,0.92371983
11.3122,0.1035,0.0712,0.008735,0.008074999999999999,0.9750192183077664,0.9910685567584627,0.924562155
11.4107,0.0999,0.0683,0.00841,0.0079,0.975473835761965,0.9918033582562128,0.9253575425
11.5104,0.0965,0.0655,0.008100000000000001,0.007750000000000001,0.9759153020622979,0.9925205435846799,0.9261451725000001
11.611,0.0933,0.0629,0.007810000000000001,0.007599999999999999,0.9763426492788868,0.9932187195777495,0.9269248225000001
11.7124,0.0901,0.0604,0.0075250000000000004,0.007424999999999999,0.9767564102400441,0.9938983519691746,0.9276954625000001
11.8107,0.087,0.0579,0.007245000000000001,0.0072749999999999985,0.9771415901303254,0.9945340648362218,0.9284253400000001
11.9139,0.0841,0.0556,0.006985,0.007125,0.9775294109946695,0.9951776975320347,0.92917612
12.0107,0.0812,0.0533,0.006725000000000001,0.0069749999999999986,0.9778788279253087,0.9957606561818433,0.9298658200000001
12.1104,0.0785,0.0512,0.006485000000000001,0.0068249999999999995,0.9782239975897145,0.9963396558377074,0.9305612275
12.2114,0.0758,0.0491,0.0062450000000000006,0.006675000000000002,0.9785599943608282,0.996906103725498,0.9312505525
12.3104,0.0732,0.0471,0.006015,0.0065249999999999996,0.9788759657268586,0.9974416111835974,0.9319113775
12.4108,0.0708,0.0452,0.0058,0.006400000000000001,0.9791834856065708,0.9979654677207704,0.9325664874999999
12.5108,0.0684,0.0434,0.005590000000000001,0.006250000000000001,0.9794776332095644,0.9984694252464144,0.9332064874999999
12.6106,0.066,0.0416,0.00538,0.006100000000000001,0.979759597987882,0.9989548310872705,0.9338302374999999
12.7108,0.0638,0.0399,0.0051849999999999995,0.005974999999999999,0.9800310821893653,0.9994245492591618,0.9344414575
12.8101,0.0617,0.0383,0.005000000000000001,0.005849999999999998,0.9802893345308152,0.9998739017004191,0.935034775
12.9107,0.0596,0.0367,0.004815,0.005724999999999999,0.9805406584496019,1.000313570584975,0.935623285
13.0102,0.0576,0.0352,0.00464,0.005599999999999999,0.9807790580313756,1.0007330227655398,0.9361929225
13.1097,0.0556,0.0338,0.00447,0.00545,0.9810078970961751,1.0011378509058928,0.9367501225
13.2102,0.0537,0.0324,0.004305,0.005325,0.9812299013617564,1.0015322190309295,0.9372978475
13.3104,0.0519,0.0311,0.00415,0.005200000000000001,0.9814422499939014,1.0019114647123015,0.9378314125
13.4104,0.0502,0.0298,0.004,0.0051,0.9816458118070861,1.0022768297191276,0.9383514125
13.5116,0.0485,0.0286,0.0038550000000000004,0.004974999999999999,0.9818434671485705,1.0026338440108957,0.9388675325
13.6104,0.0468,0.0274,0.00371,0.00485,0.9820287892028549,1.0029702020901519,0.9393590625
13.7105,0.0453,0.0263,0.00358,0.00475,0.9822088241717835,1.0032986237496935,0.9398445475
13.8101,0.0437,0.0252,0.003445,0.004625000000000001,0.9823809672325047,1.0036144492416499,0.9403176475
13.9111,0.0423,0.0242,0.0033250000000000003,0.0045249999999999995,0.9825483599548839,1.0039230387054618,0.9407847725
14.0117,0.0408,0.0232,0.0032,0.004400000000000001,0.9827086467392415,1.0042201367679724,0.9412399875
14.1119,0.0395,0.0222,0.0030850000000000005,0.004325,0.9828617993125714,1.0045052648981638,0.9416808675
14.2111,0.0381,0.0213,0.0029700000000000004,0.004200000000000001,0.9830071877024997,1.0047779525478917,0.9421099075
14.3116,0.0368,0.0204,0.00286,0.0040999999999999995,0.9831485821316289,1.0050441904015794,0.9425320075
14.4107,0.0356,0.0196,0.0027600000000000003,0.004,0.9832822908596698,1.0052973764037254,0.9429383175
14.5104,0.0344,0.0188,0.00266,0.0039,0.9834116559758888,1.0055434957054667,0.9433371175
14.6125,0.0332,0.018,0.0025599999999999998,0.0038000000000000004,0.9835388670061455,1.0057867278208175,0.9437353075
14.7112,0.0321,0.0173,0.00247,0.0036999999999999993,0.9836567560188434,1.0060133376624067,0.9441103675
14.8106,0.031,0.0165,0.0023750000000000004,0.0036249999999999998,0.9837709541318916,1.006233770193092,0.9444781475
14.9102,0.03,0.0159,0.0022949999999999997,0.0035249999999999995,0.98388035969066,1.0064465844248425,0.9448391975
15.0109,-6.738,1.3327,-0.27026500000000003,-2.017675,0.9839869921324123,1.0066546703589387,0.945194165
15.1107,-7.2611,2.7852,-0.22379499999999997,-2.511575,0.9845150957688629,0.9729989358145525,0.7438301999999998
15.2104,-7.5007,4.4215,-0.15396,-2.98055,0.9850510074282209,0.9394642367062817,0.4934261724999989
15.3109,-7.1781,5.988,-0.05950499999999997,-3.291525,0.9856115646342727,0.9057541105800357,0.19388089749999815
15.4109,-6.0948,7.0926,0.04988999999999999,-3.29685,0.9861142863329752,0.8723090899684985,-0.1352716025000007
15.5108,-4.3621,7.43,0.153395,-2.948025,0.9866110998487324,0.8390022922063874,-0.4646269175000003
15.6116,-2.418,7.0497,0.23158499999999999,-2.366925,0.9871186849137912,0.8055079851560119,-0.7617878374999989
15.7155,-0.7074,6.2985,0.279555,-1.7514750000000001,0.9875557543236074,0.7711051189621975,-1.0077113450000017
15.8112,0.5799,5.5112,0.304555,-1.2328249999999998,0.9876628279425036,0.7395347937866035,-1.1753275025
15.9109,1.4692,4.8515,0.316035,-0.8455750000000001,0.9880177562250344,0.7067791861664425,-1.2982401550000005
16.0105,2.0592,4.3523,0.32057500000000005,-0.5732749999999999,0.9883801634410454,0.6741969140164754,-1.3824594250000009
16.1109,2.4436,3.9916,0.32176000000000005,-0.387,0.9887522486012511,0.6415027152643997,-1.4400162350000012
16.2109,2.6913,3.7358,0.321355,-0.26112499999999994,0.989111291936216,0.6090968058668288,-1.4787162350000003
16.3107,2.8489,3.5544,0.32016500000000003,-0.17637499999999995,0.9894652549037517,0.5769218183902368,-1.5047765100000008
16.4107,2.9469,3.4245,0.31857,-0.11940000000000006,0.9898175355766196,0.5448587089864378,-1.5224140100000003
16.5105,3.0052,3.3294,0.31673,-0.08105000000000005,0.9901649507732871,0.5130449969031631,-1.5343301300000005
16.6106,3.0369,3.2577,0.31473,-0.055199999999999916,0.9905100722712017,0.48133182289115284,-1.5424432350000006
16.7113,3.0504,3.2014,0.31259,-0.03775000000000006,0.9908529146485224,0.44963549177801726,-1.5480018750000006
16.8115,3.0514,3.1551,0.310325,-0.025924999999999976,0.9911886529191456,0.41831348918426636,-1.5517844250000006
16.9109,3.0436,3.1152,0.30794000000000005,-0.017900000000000027,0.9915174165831502,0.38746785978459874,-1.5543613700000007
17.0114,3.0296,3.0793,0.305445,-0.01242500000000002,0.9918461515308505,0.3565211129011859,-1.5561603200000007
17.1102,3.0109,3.0457,0.30283,-0.008700000000000041,0.992165074825399,0.3263445824577859,-1.5573879100000008
17.2106,2.9886,3.0133,0.300095,-0.006175000000000042,0.9924853937359187,0.29594201236672124,-1.5582613900000009
17.3104,2.9636,2.9812,0.29724,-0.0043999999999999595,0.9927991770976744,0.26599411177257637,-1.558877655000001
17.4106,2.9363,2.949,0.294265,-0.003174999999999928,0.9931100629663725,0.2362122537295152,-1.559318535000001
17.511,2.907,2.9164,0.29117,-0.0023499999999999632,0.993417282865807,0.20666962791109877,-1.559637305000001
17.6101,2.8761,2.8831,0.28796,-0.0017500000000000295,0.9937159821156532,0.1778162175843249,-1.559870190000001
17.711,2.8436,2.8489,0.284625,-0.0013250000000000204,0.9940157800496885,0.14876259495214805,-1.560046765000001
17.8105,2.8096,2.8138,0.28117000000000003,-0.0010499999999999954,0.9943070208040378,0.12044390196201399,-1.5601786025000008
17.9105,2.7743,2.7776,0.277595,-0.0008249999999999648,0.9945950543405839,0.09232837536314355,-1.5602836025000009
18.0108,2.7378,2.7405,0.273915,-0.0006749999999999812,0.9948794781103663,0.0644870484157665,-1.560366350000001
18.1109,2.7001,2.7023,0.27012,-0.0005500000000000504,0.9951586949449935,0.03706957780482717,-1.5604339175000008
18.21,2.6612,2.6631,0.26621500000000003,-0.0004750000000000032,0.9954306299885901,0.01030206652813807,-1.5604884225000009
18.3109,2.6213,2.6229,0.26221,-0.00039999999999995595,0.9957027141710452,-0.016557649352411438,-1.560536350000001
18.4105,2.5803,2.5818,0.258105,-0.00037500000000001427,0.9959666764238256,-0.042672431655291214,-1.5605761900000008
18.5114,2.5384,2.5397,0.253905,-0.0003249999999999087,0.996229049160297,-0.06871390473638134,-1.5606140275000009
18.6103,2.4955,2.4967,0.24961000000000003,-0.000300000000000078,0.9964815204585318,-0.09382384022048396,-1.560646170000001
18.7106,2.4519,2.453,0.245245,-0.0002749999999999142,0.9967326253880546,-0.11885846410338159,-1.560676260000001
18.8106,2.4075,2.4085,0.24080000000000004,-0.00024999999999997247,0.9969780608705878,-0.14338173609625463,-1.560703760000001
18.9107,2.3624,2.3633,0.236285,-0.00022500000000003073,0.997218826405545,-0.16748461374325055,-1.5607287850000011
19.012,2.3167,2.3176,0.231715,-0.00022500000000003073,0.997457516563561,-0.1914190941948509,-1.5607515775000012
19.1108,2.2705,2.2713,0.22709000000000001,-0.00019999999999997797,0.9976852486940873,-0.21431140359398812,-1.560773807500001
19.2102,2.2238,2.2246,0.22242000000000003,-0.00019999999999997797,0.9979094927886797,-0.23688303580166625,-1.560793687500001
19.3105,2.1768,2.1775,0.21771500000000002,-0.00017500000000003624,0.9981306293072914,-0.25919066585076056,-1.560813747500001
19.4109,2.1294,2.1301,0.21297500000000003,-0.00017500000000003624,0.998347073838781,-0.2810481802742086,-1.560831317500001
19.5152,2.0819,2.0826,0.20822500000000002,-0.0001749999999999252,0.9985666006821677,-0.30326038806603134,-1.5608495700000011
19.611,2.0342,2.0349,0.203455,-0.00017500000000003624,0.9987633384502218,-0.3232073729445362,-1.5608663350000012
19.7104,1.9866,1.9871,0.198685,-0.00012500000000004174,0.9989624141998982,-0.3434298201628151,-1.5608837300000011
19.8108,1.9389,1.9395,0.19392,-0.00014999999999998348,0.9991588922464623,-0.3633768265712194,-1.5608962800000012
19.911,1.8914,1.8919,0.189165,-0.00012499999999998623,0.9993497518486708,-0.38280667324395246,-1.5609113100000012
20.0153,1.8441,1.8446,0.18443500000000002,-0.00012499999999998623,0.999543475472965,-0.40253563169936346,-1.5609243475000012
20.111,1.797,1.7975,0.17972500000000002,-0.00012500000000004174,0.9997165211256417,-0.4201852129456021,-1.560936310000001
20.2111,1.7503,1.7507,0.17505,-9.999999999998899e-05,0.9998926534232282,-0.43817482327358354,-1.560948822500001
20.3106,1.7039,1.7044,0.17041499999999998,-0.00012499999999998623,1.0000631743592314,-0.45559146356314717,-1.560958772500001
20.4108,1.658,1.6585,0.165825,-0.00012500000000004174,1.0002299011852518,-0.47266623262524915,-1.560971297500001
20.5109,1.6127,1.6131,0.16129000000000002,-9.999999999998899e-05,1.000391733843665,-0.4892645262603826,-1.5609838100000009
20.6144,1.5679,1.5683,0.15681,-9.999999999998899e-05,1.000554501661128,-0.5059572477510219,-1.5609941600000008
20.711,1.5237,1.5241,0.15239000000000003,-9.999999999998899e-05,1.0007020150428738,-0.5211043755043312,-1.5610038200000007
20.8107,1.4802,1.4806,0.14804,-9.999999999998899e-05,1.0008497960398652,-0.5362969398069444,-1.5610137900000007
20.9105,1.4374,1.4378,0.14376,-9.999999999998899e-05,1.000993326815769,-0.5510706346353219,-1.5610237700000007
21.0106,1.3954,1.3957,0.139555,-7.499999999999174e-05,1.001132954391898,-0.5654603332618869,-1.5610337800000007
21.1153,1.3541,1.3544,0.135425,-7.499999999999174e-05,1.0012748114727041,-0.5800710531462431,-1.5610416325000007
21.2108,1.3136,1.3139,0.13137500000000002,-7.499999999999174e-05,1.0014002515708962,-0.5930035323199139,-1.5610487950000007
21.3103,1.2739,1.2742,0.127405,-7.499999999999174e-05,1.001526921246563,-0.6060747310937571,-1.5610562575000007
21.4108,1.235,1.2353,0.123515,-7.499999999999174e-05,1.00165087938003,-0.6188783335793969,-1.5610637950000006
21.511,1.197,1.1973,0.11971500000000002,-7.499999999999174e-05,1.0017705778032524,-0.631253957747472,-1.5610713100000007
21.6107,1.1599,1.1601,0.11599999999999999,-4.999999999999449e-05,1.0018859020284336,-0.6431889861140085,-1.5610787875000007
21.7107,1.1236,1.1238,0.11237,-4.999999999999449e-05,1.0019981237337803,-0.6547884432797058,-1.5610837875000008
21.8106,1.0882,1.0884,0.10883000000000001,-4.999999999999449e-05,1.0021066532073948,-0.6660136816528999,-1.5610887825000008
21.9106,1.0537,1.0539,0.10538000000000002,-4.999999999999449e-05,1.0022117987762205,-0.6768961737231636,-1.5610937825000009
22.0108,1.0201,1.0203,0.10202,-4.999999999999449e-05,1.0023137460949847,-0.6874547575756021,-1.5610987925000008
22.1102,0.9873,0.9875,0.09874000000000001,-5.0000000000022256e-05,1.0024115882164073,-0.6975950735680763,-1.5611037625000008
22.2126,0.9554,0.9556,0.09555000000000001,-4.999999999999449e-05,1.0025090759909603,-0.7077055795924319,-1.5611088825000008
22.3105,0.9244,0.9245,0.092445,-2.4999999999997247e-05,1.002599204792647,-0.7170594904011657,-1.5611137775000008
22.4106,0.8942,0.8944,0.08943000000000001,-4.999999999999449e-05,1.002688552991644,-0.7263128035501538,-1.5611162800000007
22.5102,0.8649,0.865,0.086495,-2.4999999999997247e-05,1.0027742760522813,-0.7352196190556455,-1.5611212600000006
22.6106,0.8364,0.8366,0.08365,-4.999999999999449e-05,1.0028580429814415,-0.7439033130413975,-1.5611237700000007
22.7106,0.8087,0.8089,0.08088000000000001,-4.999999999999449e-05,1.0029384526807772,-0.7522679265728315,-1.5611287700000007
22.8107,0.7819,0.782,0.07819500000000001,-2.4999999999997247e-05,1.0030162203755302,-0.7603636410774258,-1.5611337750000007
22.9107,0.7559,0.756,0.07559500000000001,-2.4999999999997247e-05,1.0030915255352482,-0.7681827784624202,-1.5611362750000006
23.0105,0.7306,0.7307,0.073065,-2.4999999999997247e-05,1.0031641540246432,-0.7757268098673086,-1.5611387700000006
23.1104,0.7061,0.7062,0.07061500000000001,-2.5000000000025002e-05,1.003234395566293,-0.78302566538983,-1.5611412675000005
23.211,0.6824,0.6825,0.068245,-2.4999999999997247e-05,1.0033027312888034,-0.790129205708674,-1.5611437825000005
23.3105,0.6594,0.6595,0.065945,-2.4999999999997247e-05,1.0033680259521809,-0.7969192692769567,-1.5611462700000005
23.4106,0.6371,0.6372,0.06371500000000001,-2.4999999999997247e-05,1.0034314756619942,-0.8035200588354018,-1.5611487725000004
23.511,0.6155,0.6156,0.061555000000000006,-2.4999999999997247e-05,1.003492938986077,-0.8099167495585015,-1.5611512825000005
23.6105,0.5946,0.5947,0.059465000000000004,-2.4999999999997247e-05,1.0035517625515582,-0.8160411895779666,-1.5611537700000004
23.7108,0.5744,0.5745,0.057445,-2.4999999999997247e-05,1.0036090224043666,-0.8220052542190811,-1.5611562775000005
23.8111,0.5548,0.5549,0.055485,-2.4999999999997247e-05,1.003664314200706,-0.8277667224178267,-1.5611587850000006
23.9107,0.5358,0.5359,0.05358500000000001,-2.4999999999997247e-05,1.0037173243928355,-0.8332927741717615,-1.5611612750000006
24.0104,0.5175,0.5176,0.051754999999999995,-2.4999999999997247e-05,1.0037685488947432,-0.8386349530952656,-1.5611637675000005
24.1107,0.4998,0.4999,0.049985,-2.4999999999997247e-05,1.0038183002536798,-0.8438257411846468,-1.5611662750000006
24.2108,0.4826,0.4827,0.048265,-2.5000000000011128e-05,1.0038662332202513,-0.8488290100893572,-1.5611687775000005
24.3105,0.466,0.4661,0.04660500000000001,-2.4999999999997247e-05,1.0039123112306902,-0.8536408099783281,-1.5611712700000004
24.4106,0.45,0.4501,0.045005,-2.4999999999997247e-05,1.0039569627337486,-0.8583057567943871,-1.5611737725000003
24.511,0.4345,0.4346,0.043455,-2.4999999999997247e-05,1.0040001906052114,-0.8628240520191521,-1.5611762825000004
24.6105,0.4195,0.4196,0.041955,-2.4999999999997247e-05,1.0040415361081274,-0.8671476268413358,-1.5611787700000004
24.7105,0.405,0.4051,0.040505000000000006,-2.4999999999997247e-05,1.0040816359571734,-0.8713429352107656,-1.5611812700000003
24.8102,0.3911,0.3911,0.039110000000000006,0.0,1.0041202150705977,-0.8753810994374389,-1.5611837625000002
24.9158,0.3775,0.3776,0.037755000000000004,-2.4999999999997247e-05,1.0041599145035496,-0.8795109246292939,-1.5611837625000002
25.0155,-8.5909,3.589,-0.25009499999999996,-3.044975,1.0041958480676214,-0.8832749266190916,-1.5611862550000002
25.1111,-8.6303,5.7363,-0.14470000000000002,-3.59165,0.9748574668024343,-0.8596466931632702,-1.8522858650000034
25.2111,-7.6931,7.5122,-0.009045000000000015,-3.8013250000000003,0.9443741182026033,-0.8357690607347585,-2.2114508649999958
25.3111,-5.692,8.295,0.13015,-3.49675,0.9144393550841194,-0.8123226270431969,-2.5915833650000013
25.4116,-3.1955,7.9417,0.23731000000000002,-2.7843,0.8849196046122098,-0.7891999849137661,-2.943006740000002
25.5112,-0.9844,6.9542,0.29849000000000003,-1.98465,0.8562770741908275,-0.7666763810443068,-3.2203230199999986
25.611,0.588,5.9075,0.32477500000000004,-1.329875,0.8281378352600774,-0.7445880277878809,-3.4183910900000023
25.711,1.5819,5.061,0.332145,-0.869775,0.8005308294095239,-0.7229201255871612,-3.5513785899999997
25.811,2.1747,4.4422,0.330845,-0.5668749999999999,0.7735315830615397,-0.7017094074957483,-3.6383560900000007
25.9108,2.5142,4.0019,0.325805,-0.37192499999999995,0.7472004139711154,-0.6809998437014004,-3.694930215
26.0111,2.6977,3.6858,0.319175,-0.24702499999999994,0.7213590139663953,-0.6606527196955452,-3.7322342925000003
26.1112,2.7852,3.4521,0.31186500000000006,-0.166725,0.6961993974008072,-0.6408064777768173,-3.7569614950000005
26.211,2.8129,3.2721,0.30425,-0.11480000000000001,0.671745173479081,-0.6214810844124039,-3.77360065
26.3116,2.8032,3.1272,0.29652000000000006,-0.08100000000000007,0.647731958364161,-0.602467368753974,-3.78514953
26.4117,2.7697,3.0053,0.28875,-0.05890000000000006,0.6244741521388801,-0.5840084324928425,-3.7932576300000003
26.5111,2.7211,2.8985,0.28098,-0.04435,0.6020091977044456,-0.5661350151990392,-3.79911229
26.6111,2.6629,2.802,0.273245,-0.034775,0.5800403816629037,-0.548611733029796,-3.80354729
26.7111,2.5986,2.7125,0.265555,-0.028475000000000028,0.5587007743450596,-0.5315421580546339,-3.80702479
26.8109,2.5308,2.628,0.25794,-0.02429999999999999,0.5380281212961836,-0.5149560555231552,-3.809866595
26.9113,2.4608,2.5473,0.250405,-0.021625000000000005,0.5178527987060846,-0.4987178411663607,-3.812306315
27.0117,2.3898,2.4695,0.24296500000000001,-0.01992499999999997,0.49829309662297167,-0.48292169989257666,-3.814477465
27.1109,2.3185,2.394,0.23562500000000003,-0.018875000000000086,0.4795677702969461,-0.4677456069827869,-3.816454025
27.2107,2.2475,2.3206,0.22840500000000002,-0.01827500000000004,0.4613248097289926,-0.45290637737658906,-3.81833775
27.3117,2.1771,2.2489,0.22130000000000002,-0.01795000000000002,0.44345553271081256,-0.438315373792186,-3.820183525
27.4118,2.1076,2.179,0.21433000000000002,-0.01784999999999992,0.4263238141977431,-0.42427068194620426,-3.82198032
27.5124,2.0392,2.1106,0.20749,-0.01784999999999992,0.40967632809009447,-0.41056681532567374,-3.8237760300000003
27.6112,1.972,2.0439,0.20079500000000003,-0.017974999999999963,0.39387545212113984,-0.3975048892518504,-3.8255396100000003
27.711,1.9062,1.9787,0.194245,-0.018125000000000002,0.3784566116835948,-0.3847038452230501,-3.8273335150000003
27.8109,1.8419,1.9151,0.18785000000000002,-0.018299999999999983,0.36355271250082655,-0.37227550944536775,-3.8291442025
27.9111,1.779,1.853,0.18159999999999998,-0.018500000000000016,0.3491229610629561,-0.36018811775252774,-3.8309778625
28.0113,1.7177,1.7924,0.17550500000000002,-0.018674999999999997,0.33519991050865483,-0.3484710751716691,-3.8328315625
28.1111,1.658,1.7334,0.16957,-0.018850000000000033,0.3218238656035485,-0.3371615499373569,-3.8346953275
28.2118,1.5998,1.676,0.16379000000000002,-0.019049999999999956,0.3088093688897708,-0.32610540218742834,-3.8365935225
28.3109,1.5433,1.6201,0.15817000000000003,-0.01920000000000005,0.2964635415156063,-0.3155659208018354,-3.8384813775
28.4111,1.4884,1.5657,0.152705,-0.019325000000000037,0.2844336090781411,-0.3052461854942105,-3.8404052175
28.5117,1.4351,1.5129,0.1474,-0.019449999999999967,0.27279733147277313,-0.29521475181743073,-3.8423493124999997
28.6114,1.3833,1.4615,0.14224,-0.019550000000000012,0.2616895823011223,-0.2855907473620568,-3.8442884774999997
28.7109,1.3332,1.4117,0.137245,-0.019625,0.2510151966416704,-0.2762956227211126,-3.8462337024999997
28.8112,1.2846,1.3634,0.1324,-0.019699999999999995,0.2406554036434552,-0.267228804015732,-3.8482020899999996
28.9109,1.2376,1.3165,0.127705,-0.019724999999999993,0.2307432186725426,-0.2585090243352525,-3.8501661799999995
29.0118,1.1921,1.2711,0.12315999999999999,-0.019749999999999986,0.22108894110150568,-0.2499726926942431,-3.8521564324999997
29.1111,1.1481,1.2271,0.11876,-0.019750000000000045,0.2119467517699893,-0.2418470203635706,-3.8541176074999997
29.2108,1.1055,1.1845,0.1145,-0.019750000000000045,0.2031157087219985,-0.23395741578878554,-3.8560866824999995
29.3111,1.0643,1.1433,0.11038000000000002,-0.019749999999999986,0.19456994233335942,-0.22628282052962922,-3.8580676074999993
29.4106,1.0246,1.1034,0.10640000000000001,-0.019699999999999995,0.18641658192588106,-0.21892187991551484,-3.8600327324999992
29.5116,0.9862,1.0648,0.10255000000000002,-0.01965,0.17845729731888765,-0.21169868875330794,-3.8620224324999994
29.6114,0.9491,1.0275,0.09883000000000002,-0.019600000000000006,0.1708952234629682,-0.2047995378988067,-3.8639835024999996
29.7112,0.9133,0.9914,0.09523500000000001,-0.019524999999999987,0.16362489023785762,-0.1981314120583417,-3.8659395825
29.8117,0.8788,0.9565,0.09176500000000001,-0.019424999999999998,0.15658679947524964,-0.19164218457294085,-3.8679018449999996
29.9109,0.8455,0.9228,0.08841500000000001,-0.01932499999999998,0.14990902451128704,-0.18545262365031961,-3.8698288049999996
30.0109,0.8134,0.8903,0.08518500000000001,-0.019224999999999992,0.143438793764075,-0.17942389394246833,-3.8717613049999997
30.1108,0.7824,0.8588,0.08206000000000001,-0.019100000000000006,0.13722643219754221,-0.17360468136031032,-3.8736818824999997
30.2123,0.7525,0.8285,0.07905000000000001,-0.019000000000000017,0.1311610097370446,-0.1678931164047125,-3.8756205324999997
30.3116,0.7238,0.7992,0.07615000000000001,-0.018850000000000006,0.12545915601491708,-0.1624948110120374,-3.8775072324999997
30.4114,0.696,0.7709,0.073345,-0.01872500000000002,0.11995235669244443,-0.1572539088437036,-3.8793884624999997
30.5111,0.6693,0.7436,0.070645,-0.018575000000000008,0.11466703024880004,-0.15219695502254682,-3.8812553449999996
30.6108,0.6436,0.7173,0.06804500000000001,-0.018425000000000025,0.10958899528902973,-0.14731269215544524,-3.8831072724999998
30.7113,0.6188,0.6919,0.065535,-0.018274999999999986,0.10467101703974739,-0.14255736163965363,-3.884958985
30.8109,0.5949,0.6674,0.063115,-0.018125000000000002,0.09998884997377061,-0.13800588880018305,-3.886779175
30.9147,0.5719,0.6437,0.06078,-0.01795000000000002,0.09530144765671122,-0.1334250950125845,-3.88866055
31.011,0.5498,0.6209,0.058535000000000004,-0.017775000000000013,0.09112456517891208,-0.12932113639623952,-3.890389135
31.111,0.5284,0.5989,0.056365,-0.017625000000000002,0.08695783015691924,-0.1252061179796344,-3.892166635
31.2146,0.5079,0.5777,0.054279999999999995,-0.017449999999999993,0.08281202178934269,-0.1210897640375209,-3.8939925850000003
31.3184,0.4882,0.5572,0.05227000000000001,-0.01725,0.07882250603569038,-0.11710711375005944,-3.8958038950000002
31.4172,0.4692,0.5375,0.050335,-0.017074999999999993,0.07517541633298462,-0.11344685014076927,-3.8975081950000003
31.512,0.4509,0.5185,0.048470000000000006,-0.016899999999999984,0.07181431232122355,-0.11005585376015659,-3.899126905
31.6169,0.4333,0.5001,0.04667,-0.016699999999999993,0.06824207104506767,-0.10643332818055075,-3.900899715
31.7119,0.4164,0.4825,0.044945000000000006,-0.016524999999999998,0.06513550377719173,-0.10326604828209508,-3.902486215
31.8108,0.4001,0.4654,0.043275,-0.016324999999999992,0.0620289992832437,-0.10008251207559747,-3.9041205375000003
31.9122,0.3844,0.449,0.041670000000000006,-0.016149999999999998,0.058970353222452296,-0.09693173816371649,-3.9057758925000003
32.015,0.3693,0.4331,0.04012,-0.015949999999999992,0.05599264147482167,-0.09384779975228813,-3.9074361125000006
32.1124,0.3548,0.4178,0.03863,-0.01575,0.05328367006741516,-0.09102722641096067,-3.9089896425000004
32.2128,0.3409,0.4031,0.037200000000000004,-0.015550000000000008,0.05060205348629013,-0.08822074685018717,-3.9105709425000006
32.3112,0.3275,0.3889,0.035820000000000005,-0.015350000000000003,0.048077958453055625,-0.08556528629394757,-3.9121010625000006
32.4124,0.3146,0.3752,0.03449,-0.015149999999999999,0.04558502278270306,-0.08292901774148492,-3.9136544825000006
32.5111,0.3022,0.362,0.03321,-0.014949999999999991,0.04325034363555234,-0.0804470913967158,-3.9151497875000008
32.611,0.2902,0.3493,0.031974999999999996,-0.014774999999999996,0.0409811258090891,-0.07802223058113229,-3.9166432925000008
32.7111,0.2788,0.337,0.03079,-0.014550000000000007,0.03879808538785653,-0.07567687927477604,-3.918122270000001
32.8113,0.2677,0.3252,0.029645,-0.014374999999999999,0.03669945973832742,-0.07341077572820459,-3.919580180000001
32.9114,0.2571,0.3138,0.028545,-0.014175000000000007,0.03468664482140225,-0.07122556931226755,-3.921019117500001
33.0117,0.2469,0.3028,0.027485000000000006,-0.013975000000000003,0.032750030660721234,-0.0691120717372999,-3.922440870000001
33.1118,0.2371,0.2922,0.026465000000000002,-0.013775000000000003,0.030894238671406553,-0.06707615092761611,-3.923839767500001
33.2118,0.2277,0.282,0.025485000000000004,-0.01357499999999999,0.02911408968459365,-0.06511298845414423,-3.9252172675000008
33.3117,0.2187,0.2721,0.024540000000000003,-0.013350000000000002,0.027406363630697626,-0.0632198608858064,-3.926573410000001
33.4112,0.21,0.2626,0.02363,-0.013150000000000002,0.025772966808133447,-0.06140005191616333,-3.9279017350000007
33.5111,0.2016,0.2534,0.022750000000000003,-0.012950000000000003,0.024198241729845228,-0.059636502751447135,-3.9292154200000007
33.6124,0.1935,0.2446,0.021905000000000004,-0.012775000000000002,0.02266525718737441,-0.05791074684928629,-3.9305272550000008
33.7112,0.1858,0.2361,0.021095000000000003,-0.012575000000000003,0.02122991222982781,-0.05628608140011521,-3.9317894250000007
33.8116,0.1784,0.2279,0.020315,-0.012374999999999999,0.019829209273600646,-0.05469245897925463,-3.9330519550000007
33.9118,0.1713,0.2199,0.01956,-0.012150000000000001,0.018486808717165674,-0.053157254480479824,-3.9342919300000005
34.0123,0.1644,0.2123,0.018835,-0.011975,0.017193949108075014,-0.05167141623856434,-3.9355130050000007
34.1112,0.1578,0.2049,0.018135000000000002,-0.011775,0.015972491913504847,-0.05026002559283683,-3.9366973325000005
34.2111,0.1515,0.1978,0.017465,-0.011575000000000002,0.014787912849208737,-0.04888422845628144,-3.9378736550000006
34.3115,0.1454,0.1909,0.016815,-0.011374999999999996,0.013644642230042173,-0.047549630799713916,-3.9390357850000006
34.4108,0.1395,0.1843,0.01619,-0.011199999999999995,0.01255909827883073,-0.04627591596396867,-3.9401653225000004
34.5112,0.1339,0.178,0.015594999999999998,-0.011024999999999998,0.011505508419247712,-0.045033030133707554,-3.9412898025000005
34.6114,0.1285,0.1718,0.015015,-0.010825000000000001,0.010495705218816246,-0.04383541610284049,-3.9423945075000004
34.7111,0.1233,0.1659,0.01446,-0.010649999999999996,0.009531080943005964,-0.0426855711597611,-3.9434737600000003
34.8113,0.1184,0.1601,0.013925,-0.010424999999999997,0.008600276059602511,-0.04157009907984815,-3.9445408900000003
34.9114,0.1136,0.1546,0.01341,-0.010249999999999995,0.007707167192263659,-0.040494839733397285,-3.9455844325000005
35.0115,0.109,0.1493,0.012915,-0.010074999999999997,0.006849687770600169,-0.03945698826294941,-3.9466104575000003
35.1121,0.1046,0.1441,0.012435000000000002,-0.009875000000000002,0.006022241045917158,-0.038450185096246696,-3.9476240025000005
35.2116,0.1003,0.1392,0.011975,-0.009724999999999998,0.005236483246164923,-0.03748940054412338,-3.9486065650000004
35.3114,0.0963,0.1344,0.011535,-0.009524999999999999,0.004479975055964045,-0.036559136555105044,-3.9495771200000003
35.4124,0.0924,0.1298,0.011110000000000002,-0.00935,0.003744530536686291,-0.035650465640364434,-3.9505391450000005
35.5117,0.0886,0.1253,0.010695,-0.009174999999999999,0.0030501979482154555,-0.03478812955090359,-3.9514676000000004
35.6114,0.085,0.121,0.010300000000000002,-0.008999999999999998,0.0023811411569435495,-0.033952840257955995,-3.9523823475000004
35.7109,0.0815,0.1169,0.009920000000000002,-0.00885,0.0017400037422696077,-0.03314830340951138,-3.9532778475000003
35.8111,0.0782,0.1129,0.009555000000000001,-0.008674999999999999,0.0011201980856317048,-0.032366185291459716,-3.9541646175000005
35.9116,0.075,0.109,0.0092,-0.0085,0.0005231797574604941,-0.03160901754313845,-3.9550364550000006
36.0115,0.072,0.1053,0.008865000000000001,-0.008325000000000003,-4.652413609027202e-05,-0.03088282467805503,-3.9558856050000006
36.1115,0.069,0.1017,0.008535000000000001,-0.008174999999999998,-0.0005944596827405591,-0.030180984632733394,-3.9567181050000007
36.211,0.0662,0.0982,0.00822,-0.008,-0.0011176427703604727,-0.02950712137150283,-3.9575315175000005
36.3118,0.0635,0.0948,0.007915,-0.007824999999999999,-0.0016266348040960082,-0.028848358814150214,-3.9583379175000006
36.4115,0.0609,0.0916,0.007625,-0.0076749999999999995,-0.002110000978155642,-0.028219739234628748,-3.9591180700000006
36.5115,0.0584,0.0885,0.007345000000000001,-0.007524999999999999,-0.002575586931336221,-0.027611030328253173,-3.9598855700000004
36.6122,0.056,0.0854,0.00707,-0.007350000000000001,-0.003025792955493296,-0.027019315700940707,-3.9606433375000005
36.7115,0.0537,0.0825,0.00681,-0.0072000000000000015,-0.003451918354598731,-0.026456626058199276,-3.9613731925000004
36.8113,0.0515,0.0797,0.00656,-0.007049999999999999,-0.0038631643985831397,-0.025910780121063903,-3.9620917525000006
36.9116,0.0493,0.077,0.006315,-0.006925000000000001,-0.004260079475338396,-0.025381270511046678,-3.9627988675000005
37.0121,0.0473,0.0744,0.006085,-0.006774999999999998,-0.004641554008310926,-0.02486930277669843,-3.9634948300000006
37.1116,0.0454,0.0719,0.005865000000000001,-0.006625000000000001,-0.005004392312011467,-0.024379944598774968,-3.9641689425000006
37.2113,0.0435,0.0694,0.005645000000000001,-0.006475000000000002,-0.005353802889730178,-0.023906450704257752,-3.9648294550000007
37.3117,0.0417,0.0671,0.00544,-0.0063500000000000015,-0.00569143955511786,-0.0234466221679196,-3.965479545000001
37.4112,0.04,0.0648,0.005240000000000001,-0.006199999999999999,-0.0060128083951023325,-0.023006510664555644,-3.966111370000001
37.5114,0.0383,0.0626,0.005045000000000001,-0.0060750000000000005,-0.006323656196742514,-0.022578832704057944,-3.966732610000001
37.6112,0.0367,0.0604,0.004855000000000001,-0.005925,-0.00662071146977784,-0.022167813036821533,-3.967338895000001
37.7114,0.0352,0.0584,0.00468,-0.0058,-0.006906903954316614,-0.02176997825399482,-3.967932580000001
37.8114,0.0337,0.0564,0.004505,-0.0056749999999999995,-0.0071813512373206465,-0.021386485504582643,-3.968512580000001
37.9115,0.0323,0.0545,0.00434,-0.005549999999999999,-0.007444909109298474,-0.02101618750510881,-3.969080647500001
38.0113,0.031,0.0527,0.004185,-0.005424999999999998,-0.0076972421142097605,-0.020659817858004224,-3.969634537500001
38.1121,0.0297,0.0509,0.004030000000000001,-0.005299999999999999,-0.007942265411470667,-0.020312097196036327,-3.970181377500001
38.2116,0.0284,0.0491,0.003875,-0.005174999999999999,-0.008174433248850612,-0.019980935535006072,-3.9707087275000013
38.3119,0.0272,0.0475,0.0037350000000000005,-0.005075,-0.008398714028206362,-0.019659297810391246,-3.9712277800000013
38.4117,0.0261,0.0459,0.0036000000000000008,-0.00495,-0.008613013697364072,-0.019350128404789477,-3.971734265000001
38.5118,0.025,0.0443,0.003465,-0.004824999999999999,-0.008819605400827131,-0.019050738440678328,-3.972229760000001
38.6113,0.024,0.0428,0.00334,-0.004699999999999999,-0.00901667069522401,-0.01876379813525387,-3.9727098475000013
38.7117,0.023,0.0414,0.00322,-0.0046,-0.009207847174760682,-0.01848428338803654,-3.9731817275000014
38.8114,0.022,0.04,0.0031000000000000003,-0.0045000000000000005,-0.009390236363376752,-0.0182161410078055,-3.9736403475000013
38.9115,0.0211,0.0386,0.0029850000000000002,-0.004375,-0.009565885427159549,-0.017956393525590135,-3.974090797500001
39.0116,0.0202,0.0373,0.002875,-0.004275,-0.009734595326028989,-0.01770592315575613,-3.974528735000001
39.1115,0.0193,0.0361,0.0027700000000000003,-0.0042,-0.00989620545586673,-0.017464682414394646,-3.974955807500001
39.2122,0.0185,0.0348,0.0026650000000000003,-0.004075,-0.010052455409971694,-0.017229774560121525,-3.975378747500001
39.3121,0.0177,0.0337,0.0025700000000000002,-0.004,-0.010201240400801106,-0.017005273900742312,-3.9757858400000012
39.4119,0.017,0.0325,0.002475,-0.0038750000000000004,-0.010343970495264802,-0.016788463396544783,-3.976185040000001
39.5116,0.0163,0.0314,0.002385,-0.003775,-0.010481034677138568,-0.016579668663630885,-3.9765713775000013
39.6114,0.0156,0.0304,0.0023,-0.0037,-0.010612866719303485,-0.016377939565239304,-3.9769481225000014
39.7117,0.0149,0.0293,0.00221,-0.0036,-0.01074012079335161,-0.016181976550720872,-3.9773192325000015
39.8116,0.0143,0.0283,0.00213,-0.0034999999999999996,-0.010861506258939104,-0.015994087368272535,-3.9776788725000016
39.9121,0.0137,0.0274,0.002055,-0.003425,-0.010978908723910096,-0.015811665423132323,-3.9780306225000017
